cell_id,level,interval_idx,idx_top,idx_base,rgt_top,rgt_base,n_finite,mean,std,iqr,range95,ntg
g0_1,0,0,0,799,-1620.1858996268088,18106.569071951566,768,0.3691783065837348,0.09429859616670026,0.13959952558214406,0.32631209065885847,0.6809895833333334
g0_1,1,0,0,799,-1620.1858996268088,18106.569071951566,768,0.3691783065837348,0.09429859616670026,0.13959952558214406,0.32631209065885847,0.6809895833333334
g0_1,2,0,0,799,-1620.1858996268088,18106.569071951566,768,0.3691783065837348,0.09429859616670026,0.13959952558214406,0.32631209065885847,0.6809895833333334
g0_1,3,0,0,799,-1620.1858996268088,18106.569071951566,768,0.3691783065837348,0.09429859616670026,0.13959952558214406,0.32631209065885847,0.6809895833333334
g0_1,4,0,0,799,-1620.1858996268088,18106.569071951566,768,0.3691783065837348,0.09429859616670026,0.13959952558214406,0.32631209065885847,0.6809895833333334
g0_1,5,0,0,799,-1620.1858996268088,18106.569071951566,768,0.3691783065837348,0.09429859616670026,0.13959952558214406,0.32631209065885847,0.6809895833333334
g0_1,6,0,0,799,-1620.1858996268088,18106.569071951566,768,0.3691783065837348,0.09429859616670026,0.13959952558214406,0.32631209065885847,0.6809895833333334
g0_1,7,0,0,799,-1620.1858996268088,18106.569071951566,768,0.3691783065837348,0.09429859616670026,0.13959952558214406,0.32631209065885847,0.6809895833333334
g0_2,0,0,0,799,-8925.357789036785,39660.79254383798,768,0.3505466218159025,0.13380471178504452,0.0982431639778904,0.5201348953899609,0.7408854166666666
g0_2,1,0,0,799,-8925.357789036785,39660.79254383798,768,0.3505466218159025,0.13380471178504452,0.0982431639778904,0.5201348953899609,0.7408854166666666
g0_2,2,0,0,799,-8925.357789036785,39660.79254383798,768,0.3505466218159025,0.13380471178504452,0.0982431639778904,0.5201348953899609,0.7408854166666666
g0_2,3,0,0,799,-8925.357789036785,39660.79254383798,768,0.3505466218159025,0.13380471178504452,0.0982431639778904,0.5201348953899609,0.7408854166666666
g0_2,4,0,0,799,-8925.357789036785,39660.79254383798,768,0.3505466218159025,0.13380471178504452,0.0982431639778904,0.5201348953899609,0.7408854166666666
g0_2,5,0,0,799,-8925.357789036785,39660.79254383798,768,0.3505466218159025,0.13380471178504452,0.0982431639778904,0.5201348953899609,0.7408854166666666
g0_2,6,0,0,799,-8925.357789036785,39660.79254383798,768,0.3505466218159025,0.13380471178504452,0.0982431639778904,0.5201348953899609,0.7408854166666666
g0_2,7,0,0,799,-8925.357789036785,39660.79254383798,768,0.3505466218159025,0.13380471178504452,0.0982431639778904,0.5201348953899609,0.7408854166666666
g0_3,0,0,0,799,-8925.357789036785,39660.79254383798,768,0.35818361015309436,0.13755858460870432,0.1072492537825585,0.5222708761100002,0.7018229166666666
g0_3,1,0,0,799,-8925.357789036785,39660.79254383798,768,0.35818361015309436,0.13755858460870432,0.1072492537825585,0.5222708761100002,0.7018229166666666
g0_3,2,0,0,799,-8925.357789036785,39660.79254383798,768,0.35818361015309436,0.13755858460870432,0.1072492537825585,0.5222708761100002,0.7018229166666666
g0_3,3,0,0,799,-8925.357789036785,39660.79254383798,768,0.35818361015309436,0.13755858460870432,0.1072492537825585,0.5222708761100002,0.7018229166666666
g0_3,4,0,0,799,-8925.357789036785,39660.79254383798,768,0.35818361015309436,0.13755858460870432,0.1072492537825585,0.5222708761100002,0.7018229166666666
g0_3,5,0,0,799,-8925.357789036785,39660.79254383798,768,0.35818361015309436,0.13755858460870432,0.1072492537825585,0.5222708761100002,0.7018229166666666
g0_3,6,0,0,799,-8925.357789036785,39660.79254383798,768,0.35818361015309436,0.13755858460870432,0.1072492537825585,0.5222708761100002,0.7018229166666666
g0_3,7,0,0,799,-8925.357789036785,39660.79254383798,768,0.35818361015309436,0.13755858460870432,0.1072492537825585,0.5222708761100002,0.7018229166666666
g0_4,0,0,0,799,-8925.357789036785,39660.79254383798,768,0.35571900921065164,0.13725772149535617,0.11168618486838983,0.516543096898988,0.7096354166666666
g0_4,1,0,0,799,-8925.357789036785,39660.79254383798,768,0.35571900921065164,0.13725772149535617,0.11168618486838983,0.516543096898988,0.7096354166666666
g0_4,2,0,0,799,-8925.357789036785,39660.79254383798,768,0.35571900921065164,0.13725772149535617,0.11168618486838983,0.516543096898988,0.7096354166666666
g0_4,3,0,0,799,-8925.357789036785,39660.79254383798,768,0.35571900921065164,0.13725772149535617,0.11168618486838983,0.516543096898988,0.7096354166666666
g0_4,4,0,0,799,-8925.357789036785,39660.79254383798,768,0.35571900921065164,0.13725772149535617,0.11168618486838983,0.516543096898988,0.7096354166666666
g0_4,5,0,0,799,-8925.357789036785,39660.79254383798,768,0.35571900921065164,0.13725772149535617,0.11168618486838983,0.516543096898988,0.7096354166666666
g0_4,6,0,0,799,-8925.357789036785,39660.79254383798,768,0.35571900921065164,0.13725772149535617,0.11168618486838983,0.516543096898988,0.7096354166666666
g0_4,7,0,0,799,-8925.357789036785,39660.79254383798,768,0.35571900921065164,0.13725772149535617,0.11168618486838983,0.516543096898988,0.7096354166666666
g10_1,0,0,0,799,-6700.174093296601,17341.151152787545,768,0.2958198662251501,0.09240345933039974,0.07192326517177261,0.24893078770637878,0.9401041666666666
g10_1,1,0,0,799,-6700.174093296601,17341.151152787545,768,0.2958198662251501,0.09240345933039974,0.07192326517177261,0.24893078770637878,0.9401041666666666
g10_1,2,0,0,799,-6700.174093296601,17341.151152787545,768,0.2958198662251501,0.09240345933039974,0.07192326517177261,0.24893078770637878,0.9401041666666666
g10_1,3,0,0,799,-6700.174093296601,17341.151152787545,768,0.2958198662251501,0.09240345933039974,0.07192326517177261,0.24893078770637878,0.9401041666666666
g10_1,4,0,0,799,-6700.174093296601,17341.151152787545,768,0.2958198662251501,0.09240345933039974,0.07192326517177261,0.24893078770637878,0.9401041666666666
g10_1,5,0,0,799,-6700.174093296601,17341.151152787545,768,0.2958198662251501,0.09240345933039974,0.07192326517177261,0.24893078770637878,0.9401041666666666
g10_1,6,0,0,799,-6700.174093296601,17341.151152787545,768,0.2958198662251501,0.09240345933039974,0.07192326517177261,0.24893078770637878,0.9401041666666666
g10_1,7,0,0,799,-6700.174093296601,17341.151152787545,768,0.2958198662251501,0.09240345933039974,0.07192326517177261,0.24893078770637878,0.9401041666666666
g10_2,0,0,0,799,-6700.174093296601,17341.151152787545,768,0.29023744997302076,0.09162624710183798,0.08548046873245604,0.24893078770637878,0.9401041666666666
g10_2,1,0,0,799,-6700.174093296601,17341.151152787545,768,0.29023744997302076,0.09162624710183798,0.08548046873245604,0.24893078770637878,0.9401041666666666
g10_2,2,0,0,799,-6700.174093296601,17341.151152787545,768,0.29023744997302076,0.09162624710183798,0.08548046873245604,0.24893078770637878,0.9401041666666666
g10_2,3,0,0,799,-6700.174093296601,17341.151152787545,768,0.29023744997302076,0.09162624710183798,0.08548046873245604,0.24893078770637878,0.9401041666666666
g10_2,4,0,0,799,-6700.174093296601,17341.151152787545,768,0.29023744997302076,0.09162624710183798,0.08548046873245604,0.24893078770637878,0.9401041666666666
g10_2,5,0,0,799,-6700.174093296601,17341.151152787545,768,0.29023744997302076,0.09162624710183798,0.08548046873245604,0.24893078770637878,0.9401041666666666
g10_2,6,0,0,799,-6700.174093296601,17341.151152787545,768,0.29023744997302076,0.09162624710183798,0.08548046873245604,0.24893078770637878,0.9401041666666666
g10_2,7,0,0,799,-6700.174093296601,17341.151152787545,768,0.29023744997302076,0.09162624710183798,0.08548046873245604,0.24893078770637878,0.9401041666666666
g10_3,0,0,0,799,-2365.4433381275926,9369.538199662536,768,0.24896856655345878,0.08921664641870237,0.05070339904225149,0.28406555272896955,0.9973958333333334
g10_3,1,0,0,799,-2365.4433381275926,9369.538199662536,768,0.24896856655345878,0.08921664641870237,0.05070339904225149,0.28406555272896955,0.9973958333333334
g10_3,2,0,0,799,-2365.4433381275926,9369.538199662536,768,0.24896856655345878,0.08921664641870237,0.05070339904225149,0.28406555272896955,0.9973958333333334
g10_3,3,0,0,799,-2365.4433381275926,9369.538199662536,768,0.24896856655345878,0.08921664641870237,0.05070339904225149,0.28406555272896955,0.9973958333333334
g10_3,4,0,0,799,-2365.4433381275926,9369.538199662536,768,0.24896856655345878,0.08921664641870237,0.05070339904225149,0.28406555272896955,0.9973958333333334
g10_3,5,0,0,799,-2365.4433381275926,9369.538199662536,768,0.24896856655345878,0.08921664641870237,0.05070339904225149,0.28406555272896955,0.9973958333333334
g10_3,6,0,0,799,-2365.4433381275926,9369.538199662536,768,0.24896856655345878,0.08921664641870237,0.05070339904225149,0.28406555272896955,0.9973958333333334
g10_3,7,0,0,799,-2365.4433381275926,9369.538199662536,768,0.24896856655345878,0.08921664641870237,0.05070339904225149,0.28406555272896955,0.9973958333333334
g10_4,0,0,0,799,-2994.495324051136,18884.510459796016,768,0.2695288363964391,0.06252585125392432,0.08014522002789765,0.1803228955704599,0.9947916666666666
g10_4,1,0,0,799,-2994.495324051136,18884.510459796016,768,0.2695288363964391,0.06252585125392432,0.08014522002789765,0.1803228955704599,0.9947916666666666
g10_4,2,0,0,799,-2994.495324051136,18884.510459796016,768,0.2695288363964391,0.06252585125392432,0.08014522002789765,0.1803228955704599,0.9947916666666666
g10_4,3,0,0,799,-2994.495324051136,18884.510459796016,768,0.2695288363964391,0.06252585125392432,0.08014522002789765,0.1803228955704599,0.9947916666666666
g10_4,4,0,0,799,-2994.495324051136,18884.510459796016,768,0.2695288363964391,0.06252585125392432,0.08014522002789765,0.1803228955704599,0.9947916666666666
g10_4,5,0,0,799,-2994.495324051136,18884.510459796016,768,0.2695288363964391,0.06252585125392432,0.08014522002789765,0.1803228955704599,0.9947916666666666
g10_4,6,0,0,799,-2994.495324051136,18884.510459796016,768,0.2695288363964391,0.06252585125392432,0.08014522002789765,0.1803228955704599,0.9947916666666666
g10_4,7,0,0,799,-2994.495324051136,18884.510459796016,768,0.2695288363964391,0.06252585125392432,0.08014522002789765,0.1803228955704599,0.9947916666666666
g10_5,0,0,0,799,-2994.495324051136,18884.510459796016,768,0.2675396382915535,0.06246500849078964,0.07596278803197576,0.1821877242783251,0.9947916666666666
g10_5,1,0,0,799,-2994.495324051136,18884.510459796016,768,0.2675396382915535,0.06246500849078964,0.07596278803197576,0.1821877242783251,0.9947916666666666
g10_5,2,0,0,799,-2994.495324051136,18884.510459796016,768,0.2675396382915535,0.06246500849078964,0.07596278803197576,0.1821877242783251,0.9947916666666666
g10_5,3,0,0,799,-2994.495324051136,18884.510459796016,768,0.2675396382915535,0.06246500849078964,0.07596278803197576,0.1821877242783251,0.9947916666666666
g10_5,4,0,0,799,-2994.495324051136,18884.510459796016,768,0.2675396382915535,0.06246500849078964,0.07596278803197576,0.1821877242783251,0.9947916666666666
g10_5,5,0,0,799,-2994.495324051136,18884.510459796016,768,0.2675396382915535,0.06246500849078964,0.07596278803197576,0.1821877242783251,0.9947916666666666
g10_5,6,0,0,799,-2994.495324051136,18884.510459796016,768,0.2675396382915535,0.06246500849078964,0.07596278803197576,0.1821877242783251,0.9947916666666666
g10_5,7,0,0,799,-2994.495324051136,18884.510459796016,768,0.2675396382915535,0.06246500849078964,0.07596278803197576,0.1821877242783251,0.9947916666666666
g10_6,0,0,0,799,-2994.495324051136,18884.510459796016,768,0.2739454857493023,0.06412858155740184,0.10407393904822793,0.19129057476648884,0.9947916666666666
g10_6,1,0,0,799,-2994.495324051136,18884.510459796016,768,0.2739454857493023,0.06412858155740184,0.10407393904822793,0.19129057476648884,0.9947916666666666
g10_6,2,0,0,799,-2994.495324051136,18884.510459796016,768,0.2739454857493023,0.06412858155740184,0.10407393904822793,0.19129057476648884,0.9947916666666666
g10_6,3,0,0,799,-2994.495324051136,18884.510459796016,768,0.2739454857493023,0.06412858155740184,0.10407393904822793,0.19129057476648884,0.9947916666666666
g10_6,4,0,0,799,-2994.495324051136,18884.510459796016,768,0.2739454857493023,0.06412858155740184,0.10407393904822793,0.19129057476648884,0.9947916666666666
g10_6,5,0,0,799,-2994.495324051136,18884.510459796016,768,0.2739454857493023,0.06412858155740184,0.10407393904822793,0.19129057476648884,0.9947916666666666
g10_6,6,0,0,799,-2994.495324051136,18884.510459796016,768,0.2739454857493023,0.06412858155740184,0.10407393904822793,0.19129057476648884,0.9947916666666666
g10_6,7,0,0,799,-2994.495324051136,18884.510459796016,768,0.2739454857493023,0.06412858155740184,0.10407393904822793,0.19129057476648884,0.9947916666666666
g11_1,0,0,0,799,-1918.0413622135588,9037.772973573949,768,0.2745035485956769,0.08868162543887247,0.06170374212966845,0.28803255924197113,0.9947916666666666
g11_1,1,0,0,799,-1918.0413622135588,9037.772973573949,768,0.2745035485956769,0.08868162543887247,0.06170374212966845,0.28803255924197113,0.9947916666666666
g11_1,2,0,0,799,-1918.0413622135588,9037.772973573949,768,0.2745035485956769,0.08868162543887247,0.06170374212966845,0.28803255924197113,0.9947916666666666
g11_1,3,0,0,799,-1918.0413622135588,9037.772973573949,768,0.2745035485956769,0.08868162543887247,0.06170374212966845,0.28803255924197113,0.9947916666666666
g11_1,4,0,0,799,-1918.0413622135588,9037.772973573949,768,0.2745035485956769,0.08868162543887247,0.06170374212966845,0.28803255924197113,0.9947916666666666
g11_1,5,0,0,799,-1918.0413622135588,9037.772973573949,768,0.2745035485956769,0.08868162543887247,0.06170374212966845,0.28803255924197113,0.9947916666666666
g11_1,6,0,0,799,-1918.0413622135588,9037.772973573949,768,0.2745035485956769,0.08868162543887247,0.06170374212966845,0.28803255924197113,0.9947916666666666
g11_1,7,0,0,799,-1918.0413622135588,9037.772973573949,768,0.2745035485956769,0.08868162543887247,0.06170374212966845,0.28803255924197113,0.9947916666666666
g11_2,0,0,0,799,-1918.0413622135588,9037.772973573949,768,0.2511311693942292,0.07495645538745269,0.04757569275871981,0.23792402248317907,1.0
g11_2,1,0,0,799,-1918.0413622135588,9037.772973573949,768,0.2511311693942292,0.07495645538745269,0.04757569275871981,0.23792402248317907,1.0
g11_2,2,0,0,799,-1918.0413622135588,9037.772973573949,768,0.2511311693942292,0.07495645538745269,0.04757569275871981,0.23792402248317907,1.0
g11_2,3,0,0,799,-1918.0413622135588,9037.772973573949,768,0.2511311693942292,0.07495645538745269,0.04757569275871981,0.23792402248317907,1.0
g11_2,4,0,0,799,-1918.0413622135588,9037.772973573949,768,0.2511311693942292,0.07495645538745269,0.04757569275871981,0.23792402248317907,1.0
g11_2,5,0,0,799,-1918.0413622135588,9037.772973573949,768,0.2511311693942292,0.07495645538745269,0.04757569275871981,0.23792402248317907,1.0
g11_2,6,0,0,799,-1918.0413622135588,9037.772973573949,768,0.2511311693942292,0.07495645538745269,0.04757569275871981,0.23792402248317907,1.0
g11_2,7,0,0,799,-1918.0413622135588,9037.772973573949,768,0.2511311693942292,0.07495645538745269,0.04757569275871981,0.23792402248317907,1.0
g11_3,0,0,0,799,-1554.9500557379554,8898.887304008775,768,0.25682784637978323,0.06780737199956079,0.032612379799953406,0.2568775313785186,1.0
g11_3,1,0,0,799,-1554.9500557379554,8898.887304008775,768,0.25682784637978323,0.06780737199956079,0.032612379799953406,0.2568775313785186,1.0
g11_3,2,0,0,799,-1554.9500557379554,8898.887304008775,768,0.25682784637978323,0.06780737199956079,0.032612379799953406,0.2568775313785186,1.0
g11_3,3,0,0,799,-1554.9500557379554,8898.887304008775,768,0.25682784637978323,0.06780737199956079,0.032612379799953406,0.2568775313785186,1.0
g11_3,4,0,0,799,-1554.9500557379554,8898.887304008775,768,0.25682784637978323,0.06780737199956079,0.032612379799953406,0.2568775313785186,1.0
g11_3,5,0,0,799,-1554.9500557379554,8898.887304008775,768,0.25682784637978323,0.06780737199956079,0.032612379799953406,0.2568775313785186,1.0
g11_3,6,0,0,799,-1554.9500557379554,8898.887304008775,768,0.25682784637978323,0.06780737199956079,0.032612379799953406,0.2568775313785186,1.0
g11_3,7,0,0,799,-1554.9500557379554,8898.887304008775,768,0.25682784637978323,0.06780737199956079,0.032612379799953406,0.2568775313785186,1.0
g11_4,0,0,0,799,-2799.1771564831224,8923.283913827308,768,0.18884825937704122,0.07151666628745977,0.11465727314520138,0.22068240224906044,1.0
g11_4,1,0,0,799,-2799.1771564831224,8923.283913827308,768,0.18884825937704122,0.07151666628745977,0.11465727314520138,0.22068240224906044,1.0
g11_4,2,0,0,799,-2799.1771564831224,8923.283913827308,768,0.18884825937704122,0.07151666628745977,0.11465727314520138,0.22068240224906044,1.0
g11_4,3,0,0,799,-2799.1771564831224,8923.283913827308,768,0.18884825937704122,0.07151666628745977,0.11465727314520138,0.22068240224906044,1.0
g11_4,4,0,0,799,-2799.1771564831224,8923.283913827308,768,0.18884825937704122,0.07151666628745977,0.11465727314520138,0.22068240224906044,1.0
g11_4,5,0,0,799,-2799.1771564831224,8923.283913827308,768,0.18884825937704122,0.07151666628745977,0.11465727314520138,0.22068240224906044,1.0
g11_4,6,0,0,799,-2799.1771564831224,8923.283913827308,768,0.18884825937704122,0.07151666628745977,0.11465727314520138,0.22068240224906044,1.0
g11_4,7,0,0,799,-2799.1771564831224,8923.283913827308,768,0.18884825937704122,0.07151666628745977,0.11465727314520138,0.22068240224906044,1.0
g11_5,0,0,0,799,-2807.3085565444794,9337.985316956536,768,0.20706165203723312,0.07116169412705767,0.11107886431205471,0.2452829336238646,1.0
g11_5,1,0,0,799,-2807.3085565444794,9337.985316956536,768,0.20706165203723312,0.07116169412705767,0.11107886431205471,0.2452829336238646,1.0
g11_5,2,0,0,799,-2807.3085565444794,9337.985316956536,768,0.20706165203723312,0.07116169412705767,0.11107886431205471,0.2452829336238646,1.0
g11_5,3,0,0,799,-2807.3085565444794,9337.985316956536,768,0.20706165203723312,0.07116169412705767,0.11107886431205471,0.2452829336238646,1.0
g11_5,4,0,0,799,-2807.3085565444794,9337.985316956536,768,0.20706165203723312,0.07116169412705767,0.11107886431205471,0.2452829336238646,1.0
g11_5,5,0,0,799,-2807.3085565444794,9337.985316956536,768,0.20706165203723312,0.07116169412705767,0.11107886431205471,0.2452829336238646,1.0
g11_5,6,0,0,799,-2807.3085565444794,9337.985316956536,768,0.20706165203723312,0.07116169412705767,0.11107886431205471,0.2452829336238646,1.0
g11_5,7,0,0,799,-2807.3085565444794,9337.985316956536,768,0.20706165203723312,0.07116169412705767,0.11107886431205471,0.2452829336238646,1.0
g11_6,0,0,0,799,-2807.3085565444794,9337.985316956536,768,0.2076663029274738,0.08189792168499177,0.12115593416743442,0.24856717979163812,0.9973958333333334
g11_6,1,0,0,799,-2807.3085565444794,9337.985316956536,768,0.2076663029274738,0.08189792168499177,0.12115593416743442,0.24856717979163812,0.9973958333333334
g11_6,2,0,0,799,-2807.3085565444794,9337.985316956536,768,0.2076663029274738,0.08189792168499177,0.12115593416743442,0.24856717979163812,0.9973958333333334
g11_6,3,0,0,799,-2807.3085565444794,9337.985316956536,768,0.2076663029274738,0.08189792168499177,0.12115593416743442,0.24856717979163812,0.9973958333333334
g11_6,4,0,0,799,-2807.3085565444794,9337.985316956536,768,0.2076663029274738,0.08189792168499177,0.12115593416743442,0.24856717979163812,0.9973958333333334
g11_6,5,0,0,799,-2807.3085565444794,9337.985316956536,768,0.2076663029274738,0.08189792168499177,0.12115593416743442,0.24856717979163812,0.9973958333333334
g11_6,6,0,0,799,-2807.3085565444794,9337.985316956536,768,0.2076663029274738,0.08189792168499177,0.12115593416743442,0.24856717979163812,0.9973958333333334
g11_6,7,0,0,799,-2807.3085565444794,9337.985316956536,768,0.2076663029274738,0.08189792168499177,0.12115593416743442,0.24856717979163812,0.9973958333333334
g12_1,0,0,0,799,-1899.0755083210574,8070.514425056384,768,0.31707222195963475,0.09739700583432682,0.09336875770649411,0.36329050519824946,0.8177083333333334
g12_1,1,0,0,799,-1899.0755083210574,8070.514425056384,768,0.31707222195963475,0.09739700583432682,0.09336875770649411,0.36329050519824946,0.8177083333333334
g12_1,2,0,0,799,-1899.0755083210574,8070.514425056384,768,0.31707222195963475,0.09739700583432682,0.09336875770649411,0.36329050519824946,0.8177083333333334
g12_1,3,0,0,799,-1899.0755083210574,8070.514425056384,768,0.31707222195963475,0.09739700583432682,0.09336875770649411,0.36329050519824946,0.8177083333333334
g12_1,4,0,0,799,-1899.0755083210574,8070.514425056384,768,0.31707222195963475,0.09739700583432682,0.09336875770649411,0.36329050519824946,0.8177083333333334
g12_1,5,0,0,799,-1899.0755083210574,8070.514425056384,768,0.31707222195963475,0.09739700583432682,0.09336875770649411,0.36329050519824946,0.8177083333333334
g12_1,6,0,0,799,-1899.0755083210574,8070.514425056384,768,0.31707222195963475,0.09739700583432682,0.09336875770649411,0.36329050519824946,0.8177083333333334
g12_1,7,0,0,799,-1899.0755083210574,8070.514425056384,768,0.31707222195963475,0.09739700583432682,0.09336875770649411,0.36329050519824946,0.8177083333333334
g12_2,0,0,0,799,-1899.0755083210574,8070.514425056384,768,0.29047535051252277,0.0973050703213259,0.11929831785918449,0.36329050519824946,0.8177083333333334
g12_2,1,0,0,799,-1899.0755083210574,8070.514425056384,768,0.29047535051252277,0.0973050703213259,0.11929831785918449,0.36329050519824946,0.8177083333333334
g12_2,2,0,0,799,-1899.0755083210574,8070.514425056384,768,0.29047535051252277,0.0973050703213259,0.11929831785918449,0.36329050519824946,0.8177083333333334
g12_2,3,0,0,799,-1899.0755083210574,8070.514425056384,768,0.29047535051252277,0.0973050703213259,0.11929831785918449,0.36329050519824946,0.8177083333333334
g12_2,4,0,0,799,-1899.0755083210574,8070.514425056384,768,0.29047535051252277,0.0973050703213259,0.11929831785918449,0.36329050519824946,0.8177083333333334
g12_2,5,0,0,799,-1899.0755083210574,8070.514425056384,768,0.29047535051252277,0.0973050703213259,0.11929831785918449,0.36329050519824946,0.8177083333333334
g12_2,6,0,0,799,-1899.0755083210574,8070.514425056384,768,0.29047535051252277,0.0973050703213259,0.11929831785918449,0.36329050519824946,0.8177083333333334
g12_2,7,0,0,799,-1899.0755083210574,8070.514425056384,768,0.29047535051252277,0.0973050703213259,0.11929831785918449,0.36329050519824946,0.8177083333333334
g12_4,0,0,0,799,-2775.105758831672,7695.642633603353,768,0.1739172034070641,0.0721386993029942,0.09987182441058992,0.24340713826198174,1.0
g12_4,1,0,0,799,-2775.105758831672,7695.642633603353,768,0.1739172034070641,0.0721386993029942,0.09987182441058992,0.24340713826198174,1.0
g12_4,2,0,0,799,-2775.105758831672,7695.642633603353,768,0.1739172034070641,0.0721386993029942,0.09987182441058992,0.24340713826198174,1.0
g12_4,3,0,0,799,-2775.105758831672,7695.642633603353,768,0.1739172034070641,0.0721386993029942,0.09987182441058992,0.24340713826198174,1.0
g12_4,4,0,0,799,-2775.105758831672,7695.642633603353,768,0.1739172034070641,0.0721386993029942,0.09987182441058992,0.24340713826198174,1.0
g12_4,5,0,0,799,-2775.105758831672,7695.642633603353,768,0.1739172034070641,0.0721386993029942,0.09987182441058992,0.24340713826198174,1.0
g12_4,6,0,0,799,-2775.105758831672,7695.642633603353,768,0.1739172034070641,0.0721386993029942,0.09987182441058992,0.24340713826198174,1.0
g12_4,7,0,0,799,-2775.105758831672,7695.642633603353,768,0.1739172034070641,0.0721386993029942,0.09987182441058992,0.24340713826198174,1.0
g1_1,0,0,0,799,-1620.1858996268088,18106.569071951566,768,0.3516237647505294,0.10057216916382086,0.14616938588548195,0.3431658200968939,0.7096354166666666
g1_1,1,0,0,799,-1620.1858996268088,18106.569071951566,768,0.3516237647505294,0.10057216916382086,0.14616938588548195,0.3431658200968939,0.7096354166666666
g1_1,2,0,0,799,-1620.1858996268088,18106.569071951566,768,0.3516237647505294,0.10057216916382086,0.14616938588548195,0.3431658200968939,0.7096354166666666
g1_1,3,0,0,799,-1620.1858996268088,18106.569071951566,768,0.3516237647505294,0.10057216916382086,0.14616938588548195,0.3431658200968939,0.7096354166666666
g1_1,4,0,0,799,-1620.1858996268088,18106.569071951566,768,0.3516237647505294,0.10057216916382086,0.14616938588548195,0.3431658200968939,0.7096354166666666
g1_1,5,0,0,799,-1620.1858996268088,18106.569071951566,768,0.3516237647505294,0.10057216916382086,0.14616938588548195,0.3431658200968939,0.7096354166666666
g1_1,6,0,0,799,-1620.1858996268088,18106.569071951566,768,0.3516237647505294,0.10057216916382086,0.14616938588548195,0.3431658200968939,0.7096354166666666
g1_1,7,0,0,799,-1620.1858996268088,18106.569071951566,768,0.3516237647505294,0.10057216916382086,0.14616938588548195,0.3431658200968939,0.7096354166666666
g1_2,0,0,0,799,-8925.357789036785,39660.79254383798,768,0.3417798892204371,0.1338839632649661,0.09726910756938922,0.5201348953899609,0.7591145833333334
g1_2,1,0,0,799,-8925.357789036785,39660.79254383798,768,0.3417798892204371,0.1338839632649661,0.09726910756938922,0.5201348953899609,0.7591145833333334
g1_2,2,0,0,799,-8925.357789036785,39660.79254383798,768,0.3417798892204371,0.1338839632649661,0.09726910756938922,0.5201348953899609,0.7591145833333334
g1_2,3,0,0,799,-8925.357789036785,39660.79254383798,768,0.3417798892204371,0.1338839632649661,0.09726910756938922,0.5201348953899609,0.7591145833333334
g1_2,4,0,0,799,-8925.357789036785,39660.79254383798,768,0.3417798892204371,0.1338839632649661,0.09726910756938922,0.5201348953899609,0.7591145833333334
g1_2,5,0,0,799,-8925.357789036785,39660.79254383798,768,0.3417798892204371,0.1338839632649661,0.09726910756938922,0.5201348953899609,0.7591145833333334
g1_2,6,0,0,799,-8925.357789036785,39660.79254383798,768,0.3417798892204371,0.1338839632649661,0.09726910756938922,0.5201348953899609,0.7591145833333334
g1_2,7,0,0,799,-8925.357789036785,39660.79254383798,768,0.3417798892204371,0.1338839632649661,0.09726910756938922,0.5201348953899609,0.7591145833333334
g1_3,0,0,0,799,-8925.357789036785,39660.79254383798,768,0.3529985174851878,0.137783205332924,0.11741719509297083,0.5222708761100002,0.7109375
g1_3,1,0,0,799,-8925.357789036785,39660.79254383798,768,0.3529985174851878,0.137783205332924,0.11741719509297083,0.5222708761100002,0.7109375
g1_3,2,0,0,799,-8925.357789036785,39660.79254383798,768,0.3529985174851878,0.137783205332924,0.11741719509297083,0.5222708761100002,0.7109375
g1_3,3,0,0,799,-8925.357789036785,39660.79254383798,768,0.3529985174851878,0.137783205332924,0.11741719509297083,0.5222708761100002,0.7109375
g1_3,4,0,0,799,-8925.357789036785,39660.79254383798,768,0.3529985174851878,0.137783205332924,0.11741719509297083,0.5222708761100002,0.7109375
g1_3,5,0,0,799,-8925.357789036785,39660.79254383798,768,0.3529985174851878,0.137783205332924,0.11741719509297083,0.5222708761100002,0.7109375
g1_3,6,0,0,799,-8925.357789036785,39660.79254383798,768,0.3529985174851878,0.137783205332924,0.11741719509297083,0.5222708761100002,0.7109375
g1_3,7,0,0,799,-8925.357789036785,39660.79254383798,768,0.3529985174851878,0.137783205332924,0.11741719509297083,0.5222708761100002,0.7109375
g1_4,0,0,0,799,-8925.357789036785,39660.79254383798,768,0.35051907710098124,0.13859679411732095,0.14256085210822622,0.516543096898988,0.7135416666666666
g1_4,1,0,0,799,-8925.357789036785,39660.79254383798,768,0.35051907710098124,0.13859679411732095,0.14256085210822622,0.516543096898988,0.7135416666666666
g1_4,2,0,0,799,-8925.357789036785,39660.79254383798,768,0.35051907710098124,0.13859679411732095,0.14256085210822622,0.516543096898988,0.7135416666666666
g1_4,3,0,0,799,-8925.357789036785,39660.79254383798,768,0.35051907710098124,0.13859679411732095,0.14256085210822622,0.516543096898988,0.7135416666666666
g1_4,4,0,0,799,-8925.357789036785,39660.79254383798,768,0.35051907710098124,0.13859679411732095,0.14256085210822622,0.516543096898988,0.7135416666666666
g1_4,5,0,0,799,-8925.357789036785,39660.79254383798,768,0.35051907710098124,0.13859679411732095,0.14256085210822622,0.516543096898988,0.7135416666666666
g1_4,6,0,0,799,-8925.357789036785,39660.79254383798,768,0.35051907710098124,0.13859679411732095,0.14256085210822622,0.516543096898988,0.7135416666666666
g1_4,7,0,0,799,-8925.357789036785,39660.79254383798,768,0.35051907710098124,0.13859679411732095,0.14256085210822622,0.516543096898988,0.7135416666666666
g1_5,0,0,0,799,-2891.4682694242356,12084.137245514145,768,0.36397653978070554,0.12663251445908258,0.10865367866645487,0.5735802694700731,0.7213541666666666
g1_5,1,0,0,799,-2891.4682694242356,12084.137245514145,768,0.36397653978070554,0.12663251445908258,0.10865367866645487,0.5735802694700731,0.7213541666666666
g1_5,2,0,0,799,-2891.4682694242356,12084.137245514145,768,0.36397653978070554,0.12663251445908258,0.10865367866645487,0.5735802694700731,0.7213541666666666
g1_5,3,0,0,799,-2891.4682694242356,12084.137245514145,768,0.36397653978070554,0.12663251445908258,0.10865367866645487,0.5735802694700731,0.7213541666666666
g1_5,4,0,0,799,-2891.4682694242356,12084.137245514145,768,0.36397653978070554,0.12663251445908258,0.10865367866645487,0.5735802694700731,0.7213541666666666
g1_5,5,0,0,799,-2891.4682694242356,12084.137245514145,768,0.36397653978070554,0.12663251445908258,0.10865367866645487,0.5735802694700731,0.7213541666666666
g1_5,6,0,0,799,-2891.4682694242356,12084.137245514145,768,0.36397653978070554,0.12663251445908258,0.10865367866645487,0.5735802694700731,0.7213541666666666
g1_5,7,0,0,799,-2891.4682694242356,12084.137245514145,768,0.36397653978070554,0.12663251445908258,0.10865367866645487,0.5735802694700731,0.7213541666666666
g1_6,0,0,0,799,-2331.7700822820552,9873.793598918823,768,0.3191918227636341,0.13595330839685207,0.13092058994105205,0.41803366845050377,0.796875
g1_6,1,0,0,799,-2331.7700822820552,9873.793598918823,768,0.3191918227636341,0.13595330839685207,0.13092058994105205,0.41803366845050377,0.796875
g1_6,2,0,0,799,-2331.7700822820552,9873.793598918823,768,0.3191918227636341,0.13595330839685207,0.13092058994105205,0.41803366845050377,0.796875
g1_6,3,0,0,799,-2331.7700822820552,9873.793598918823,768,0.3191918227636341,0.13595330839685207,0.13092058994105205,0.41803366845050377,0.796875
g1_6,4,0,0,799,-2331.7700822820552,9873.793598918823,768,0.3191918227636341,0.13595330839685207,0.13092058994105205,0.41803366845050377,0.796875
g1_6,5,0,0,799,-2331.7700822820552,9873.793598918823,768,0.3191918227636341,0.13595330839685207,0.13092058994105205,0.41803366845050377,0.796875
g1_6,6,0,0,799,-2331.7700822820552,9873.793598918823,768,0.3191918227636341,0.13595330839685207,0.13092058994105205,0.41803366845050377,0.796875
g1_6,7,0,0,799,-2331.7700822820552,9873.793598918823,768,0.3191918227636341,0.13595330839685207,0.13092058994105205,0.41803366845050377,0.796875
g1_7,0,0,0,799,-2331.7700822820552,9873.793598918823,768,0.3229976205980744,0.1378345798094,0.13879054070665187,0.43147992308844235,0.79296875
g1_7,1,0,0,799,-2331.7700822820552,9873.793598918823,768,0.3229976205980744,0.1378345798094,0.13879054070665187,0.43147992308844235,0.79296875
g1_7,2,0,0,799,-2331.7700822820552,9873.793598918823,768,0.3229976205980744,0.1378345798094,0.13879054070665187,0.43147992308844235,0.79296875
g1_7,3,0,0,799,-2331.7700822820552,9873.793598918823,768,0.3229976205980744,0.1378345798094,0.13879054070665187,0.43147992308844235,0.79296875
g1_7,4,0,0,799,-2331.7700822820552,9873.793598918823,768,0.3229976205980744,0.1378345798094,0.13879054070665187,0.43147992308844235,0.79296875
g1_7,5,0,0,799,-2331.7700822820552,9873.793598918823,768,0.3229976205980744,0.1378345798094,0.13879054070665187,0.43147992308844235,0.79296875
g1_7,6,0,0,799,-2331.7700822820552,9873.793598918823,768,0.3229976205980744,0.1378345798094,0.13879054070665187,0.43147992308844235,0.79296875
g1_7,7,0,0,799,-2331.7700822820552,9873.793598918823,768,0.3229976205980744,0.1378345798094,0.13879054070665187,0.43147992308844235,0.79296875
g2_1,0,0,0,799,-1187.190428398256,10684.577064415615,768,0.2953869273626046,0.17159172802819136,0.07749780887165225,0.6805431187467152,0.91015625
g2_1,1,0,0,799,-1187.190428398256,10684.577064415615,768,0.2953869273626046,0.17159172802819136,0.07749780887165225,0.6805431187467152,0.91015625
g2_1,2,0,0,799,-1187.190428398256,10684.577064415615,768,0.2953869273626046,0.17159172802819136,0.07749780887165225,0.6805431187467152,0.91015625
g2_1,3,0,0,799,-1187.190428398256,10684.577064415615,768,0.2953869273626046,0.17159172802819136,0.07749780887165225,0.6805431187467152,0.91015625
g2_1,4,0,0,799,-1187.190428398256,10684.577064415615,768,0.2953869273626046,0.17159172802819136,0.07749780887165225,0.6805431187467152,0.91015625
g2_1,5,0,0,799,-1187.190428398256,10684.577064415615,768,0.2953869273626046,0.17159172802819136,0.07749780887165225,0.6805431187467152,0.91015625
g2_1,6,0,0,799,-1187.190428398256,10684.577064415615,768,0.2953869273626046,0.17159172802819136,0.07749780887165225,0.6805431187467152,0.91015625
g2_1,7,0,0,799,-1187.190428398256,10684.577064415615,768,0.2953869273626046,0.17159172802819136,0.07749780887165225,0.6805431187467152,0.91015625
g2_2,0,0,0,799,-8925.357789036785,39660.79254383798,768,0.3454020402266343,0.15403533062623964,0.12537217097013387,0.5596446787906633,0.7434895833333334
g2_2,1,0,0,799,-8925.357789036785,39660.79254383798,768,0.3454020402266343,0.15403533062623964,0.12537217097013387,0.5596446787906633,0.7434895833333334
g2_2,2,0,0,799,-8925.357789036785,39660.79254383798,768,0.3454020402266343,0.15403533062623964,0.12537217097013387,0.5596446787906633,0.7434895833333334
g2_2,3,0,0,799,-8925.357789036785,39660.79254383798,768,0.3454020402266343,0.15403533062623964,0.12537217097013387,0.5596446787906633,0.7434895833333334
g2_2,4,0,0,799,-8925.357789036785,39660.79254383798,768,0.3454020402266343,0.15403533062623964,0.12537217097013387,0.5596446787906633,0.7434895833333334
g2_2,5,0,0,799,-8925.357789036785,39660.79254383798,768,0.3454020402266343,0.15403533062623964,0.12537217097013387,0.5596446787906633,0.7434895833333334
g2_2,6,0,0,799,-8925.357789036785,39660.79254383798,768,0.3454020402266343,0.15403533062623964,0.12537217097013387,0.5596446787906633,0.7434895833333334
g2_2,7,0,0,799,-8925.357789036785,39660.79254383798,768,0.3454020402266343,0.15403533062623964,0.12537217097013387,0.5596446787906633,0.7434895833333334
g2_3,0,0,0,799,-8925.357789036785,39660.79254383798,768,0.3462820060687311,0.14200190231858986,0.12894702093985122,0.5333048231901951,0.73046875
g2_3,1,0,0,799,-8925.357789036785,39660.79254383798,768,0.3462820060687311,0.14200190231858986,0.12894702093985122,0.5333048231901951,0.73046875
g2_3,2,0,0,799,-8925.357789036785,39660.79254383798,768,0.3462820060687311,0.14200190231858986,0.12894702093985122,0.5333048231901951,0.73046875
g2_3,3,0,0,799,-8925.357789036785,39660.79254383798,768,0.3462820060687311,0.14200190231858986,0.12894702093985122,0.5333048231901951,0.73046875
g2_3,4,0,0,799,-8925.357789036785,39660.79254383798,768,0.3462820060687311,0.14200190231858986,0.12894702093985122,0.5333048231901951,0.73046875
g2_3,5,0,0,799,-8925.357789036785,39660.79254383798,768,0.3462820060687311,0.14200190231858986,0.12894702093985122,0.5333048231901951,0.73046875
g2_3,6,0,0,799,-8925.357789036785,39660.79254383798,768,0.3462820060687311,0.14200190231858986,0.12894702093985122,0.5333048231901951,0.73046875
g2_3,7,0,0,799,-8925.357789036785,39660.79254383798,768,0.3462820060687311,0.14200190231858986,0.12894702093985122,0.5333048231901951,0.73046875
g2_4,0,0,0,799,-8925.357789036785,39660.79254383798,768,0.34727395104085446,0.1411068589923335,0.13133042290695746,0.5305036677092241,0.7265625
g2_4,1,0,0,799,-8925.357789036785,39660.79254383798,768,0.34727395104085446,0.1411068589923335,0.13133042290695746,0.5305036677092241,0.7265625
g2_4,2,0,0,799,-8925.357789036785,39660.79254383798,768,0.34727395104085446,0.1411068589923335,0.13133042290695746,0.5305036677092241,0.7265625
g2_4,3,0,0,799,-8925.357789036785,39660.79254383798,768,0.34727395104085446,0.1411068589923335,0.13133042290695746,0.5305036677092241,0.7265625
g2_4,4,0,0,799,-8925.357789036785,39660.79254383798,768,0.34727395104085446,0.1411068589923335,0.13133042290695746,0.5305036677092241,0.7265625
g2_4,5,0,0,799,-8925.357789036785,39660.79254383798,768,0.34727395104085446,0.1411068589923335,0.13133042290695746,0.5305036677092241,0.7265625
g2_4,6,0,0,799,-8925.357789036785,39660.79254383798,768,0.34727395104085446,0.1411068589923335,0.13133042290695746,0.5305036677092241,0.7265625
g2_4,7,0,0,799,-8925.357789036785,39660.79254383798,768,0.34727395104085446,0.1411068589923335,0.13133042290695746,0.5305036677092241,0.7265625
g2_5,0,0,0,799,-2556.112122358407,9627.172456054457,768,0.34620145079772596,0.1267829179068376,0.15807780990909004,0.38630563160919584,0.6796875
g2_5,1,0,0,799,-2556.112122358407,9627.172456054457,768,0.34620145079772596,0.1267829179068376,0.15807780990909004,0.38630563160919584,0.6796875
g2_5,2,0,0,799,-2556.112122358407,9627.172456054457,768,0.34620145079772596,0.1267829179068376,0.15807780990909004,0.38630563160919584,0.6796875
g2_5,3,0,0,799,-2556.112122358407,9627.172456054457,768,0.34620145079772596,0.1267829179068376,0.15807780990909004,0.38630563160919584,0.6796875
g2_5,4,0,0,799,-2556.112122358407,9627.172456054457,768,0.34620145079772596,0.1267829179068376,0.15807780990909004,0.38630563160919584,0.6796875
g2_5,5,0,0,799,-2556.112122358407,9627.172456054457,768,0.34620145079772596,0.1267829179068376,0.15807780990909004,0.38630563160919584,0.6796875
g2_5,6,0,0,799,-2556.112122358407,9627.172456054457,768,0.34620145079772596,0.1267829179068376,0.15807780990909004,0.38630563160919584,0.6796875
g2_5,7,0,0,799,-2556.112122358407,9627.172456054457,768,0.34620145079772596,0.1267829179068376,0.15807780990909004,0.38630563160919584,0.6796875
g2_6,0,0,0,799,-2419.1366787960196,9875.506669438704,768,0.34703089719089486,0.11221661143693155,0.14156679882609713,0.38900811768923094,0.7057291666666666
g2_6,1,0,0,799,-2419.1366787960196,9875.506669438704,768,0.34703089719089486,0.11221661143693155,0.14156679882609713,0.38900811768923094,0.7057291666666666
g2_6,2,0,0,799,-2419.1366787960196,9875.506669438704,768,0.34703089719089486,0.11221661143693155,0.14156679882609713,0.38900811768923094,0.7057291666666666
g2_6,3,0,0,799,-2419.1366787960196,9875.506669438704,768,0.34703089719089486,0.11221661143693155,0.14156679882609713,0.38900811768923094,0.7057291666666666
g2_6,4,0,0,799,-2419.1366787960196,9875.506669438704,768,0.34703089719089486,0.11221661143693155,0.14156679882609713,0.38900811768923094,0.7057291666666666
g2_6,5,0,0,799,-2419.1366787960196,9875.506669438704,768,0.34703089719089486,0.11221661143693155,0.14156679882609713,0.38900811768923094,0.7057291666666666
g2_6,6,0,0,799,-2419.1366787960196,9875.506669438704,768,0.34703089719089486,0.11221661143693155,0.14156679882609713,0.38900811768923094,0.7057291666666666
g2_6,7,0,0,799,-2419.1366787960196,9875.506669438704,768,0.34703089719089486,0.11221661143693155,0.14156679882609713,0.38900811768923094,0.7057291666666666
g2_7,0,0,0,799,-2331.7700822820552,9873.793598918823,768,0.33936398613670865,0.1299392298336576,0.11840664524798172,0.3928473959711043,0.7747395833333334
g2_7,1,0,0,799,-2331.7700822820552,9873.793598918823,768,0.33936398613670865,0.1299392298336576,0.11840664524798172,0.3928473959711043,0.7747395833333334
g2_7,2,0,0,799,-2331.7700822820552,9873.793598918823,768,0.33936398613670865,0.1299392298336576,0.11840664524798172,0.3928473959711043,0.7747395833333334
g2_7,3,0,0,799,-2331.7700822820552,9873.793598918823,768,0.33936398613670865,0.1299392298336576,0.11840664524798172,0.3928473959711043,0.7747395833333334
g2_7,4,0,0,799,-2331.7700822820552,9873.793598918823,768,0.33936398613670865,0.1299392298336576,0.11840664524798172,0.3928473959711043,0.7747395833333334
g2_7,5,0,0,799,-2331.7700822820552,9873.793598918823,768,0.33936398613670865,0.1299392298336576,0.11840664524798172,0.3928473959711043,0.7747395833333334
g2_7,6,0,0,799,-2331.7700822820552,9873.793598918823,768,0.33936398613670865,0.1299392298336576,0.11840664524798172,0.3928473959711043,0.7747395833333334
g2_7,7,0,0,799,-2331.7700822820552,9873.793598918823,768,0.33936398613670865,0.1299392298336576,0.11840664524798172,0.3928473959711043,0.7747395833333334
g3_1,0,0,0,799,-3230.6572145599016,11685.138820514587,768,0.36980795936792177,0.2904807590787338,0.1416354053758352,0.9258270485215819,0.7903645833333334
g3_1,1,0,0,799,-3230.6572145599016,11685.138820514587,768,0.36980795936792177,0.2904807590787338,0.1416354053758352,0.9258270485215819,0.7903645833333334
g3_1,2,0,0,799,-3230.6572145599016,11685.138820514587,768,0.36980795936792177,0.2904807590787338,0.1416354053758352,0.9258270485215819,0.7903645833333334
g3_1,3,0,0,799,-3230.6572145599016,11685.138820514587,768,0.36980795936792177,0.2904807590787338,0.1416354053758352,0.9258270485215819,0.7903645833333334
g3_1,4,0,0,799,-3230.6572145599016,11685.138820514587,768,0.36980795936792177,0.2904807590787338,0.1416354053758352,0.9258270485215819,0.7903645833333334
g3_1,5,0,0,799,-3230.6572145599016,11685.138820514587,768,0.36980795936792177,0.2904807590787338,0.1416354053758352,0.9258270485215819,0.7903645833333334
g3_1,6,0,0,799,-3230.6572145599016,11685.138820514587,768,0.36980795936792177,0.2904807590787338,0.1416354053758352,0.9258270485215819,0.7903645833333334
g3_1,7,0,0,799,-3230.6572145599016,11685.138820514587,768,0.36980795936792177,0.2904807590787338,0.1416354053758352,0.9258270485215819,0.7903645833333334
g3_2,0,0,0,799,-3356.970798795365,18127.13161652324,768,0.3455401700388722,0.2748126300998261,0.19649383098983525,0.8908103794311549,0.79296875
g3_2,1,0,0,799,-3356.970798795365,18127.13161652324,768,0.3455401700388722,0.2748126300998261,0.19649383098983525,0.8908103794311549,0.79296875
g3_2,2,0,0,799,-3356.970798795365,18127.13161652324,768,0.3455401700388722,0.2748126300998261,0.19649383098983525,0.8908103794311549,0.79296875
g3_2,3,0,0,799,-3356.970798795365,18127.13161652324,768,0.3455401700388722,0.2748126300998261,0.19649383098983525,0.8908103794311549,0.79296875
g3_2,4,0,0,799,-3356.970798795365,18127.13161652324,768,0.3455401700388722,0.2748126300998261,0.19649383098983525,0.8908103794311549,0.79296875
g3_2,5,0,0,799,-3356.970798795365,18127.13161652324,768,0.3455401700388722,0.2748126300998261,0.19649383098983525,0.8908103794311549,0.79296875
g3_2,6,0,0,799,-3356.970798795365,18127.13161652324,768,0.3455401700388722,0.2748126300998261,0.19649383098983525,0.8908103794311549,0.79296875
g3_2,7,0,0,799,-3356.970798795365,18127.13161652324,768,0.3455401700388722,0.2748126300998261,0.19649383098983525,0.8908103794311549,0.79296875
g3_3,0,0,0,799,-2722.5340679382034,18114.691680624077,768,0.3062752953806056,0.19435811875668724,0.2159617397603275,0.6781969534763516,0.796875
g3_3,1,0,0,799,-2722.5340679382034,18114.691680624077,768,0.3062752953806056,0.19435811875668724,0.2159617397603275,0.6781969534763516,0.796875
g3_3,2,0,0,799,-2722.5340679382034,18114.691680624077,768,0.3062752953806056,0.19435811875668724,0.2159617397603275,0.6781969534763516,0.796875
g3_3,3,0,0,799,-2722.5340679382034,18114.691680624077,768,0.3062752953806056,0.19435811875668724,0.2159617397603275,0.6781969534763516,0.796875
g3_3,4,0,0,799,-2722.5340679382034,18114.691680624077,768,0.3062752953806056,0.19435811875668724,0.2159617397603275,0.6781969534763516,0.796875
g3_3,5,0,0,799,-2722.5340679382034,18114.691680624077,768,0.3062752953806056,0.19435811875668724,0.2159617397603275,0.6781969534763516,0.796875
g3_3,6,0,0,799,-2722.5340679382034,18114.691680624077,768,0.3062752953806056,0.19435811875668724,0.2159617397603275,0.6781969534763516,0.796875
g3_3,7,0,0,799,-2722.5340679382034,18114.691680624077,768,0.3062752953806056,0.19435811875668724,0.2159617397603275,0.6781969534763516,0.796875
g3_4,0,0,0,799,-2722.5340679382034,18114.691680624077,768,0.31676141250180095,0.18095964576808493,0.21935143528508166,0.6015175155197036,0.7890625
g3_4,1,0,0,799,-2722.5340679382034,18114.691680624077,768,0.31676141250180095,0.18095964576808493,0.21935143528508166,0.6015175155197036,0.7890625
g3_4,2,0,0,799,-2722.5340679382034,18114.691680624077,768,0.31676141250180095,0.18095964576808493,0.21935143528508166,0.6015175155197036,0.7890625
g3_4,3,0,0,799,-2722.5340679382034,18114.691680624077,768,0.31676141250180095,0.18095964576808493,0.21935143528508166,0.6015175155197036,0.7890625
g3_4,4,0,0,799,-2722.5340679382034,18114.691680624077,768,0.31676141250180095,0.18095964576808493,0.21935143528508166,0.6015175155197036,0.7890625
g3_4,5,0,0,799,-2722.5340679382034,18114.691680624077,768,0.31676141250180095,0.18095964576808493,0.21935143528508166,0.6015175155197036,0.7890625
g3_4,6,0,0,799,-2722.5340679382034,18114.691680624077,768,0.31676141250180095,0.18095964576808493,0.21935143528508166,0.6015175155197036,0.7890625
g3_4,7,0,0,799,-2722.5340679382034,18114.691680624077,768,0.31676141250180095,0.18095964576808493,0.21935143528508166,0.6015175155197036,0.7890625
g3_5,0,0,0,799,-3168.2547791423362,12841.149450707386,768,0.3305351879707423,0.12694813682664627,0.1418498217780424,0.4864776383892833,0.7721354166666666
g3_5,1,0,0,799,-3168.2547791423362,12841.149450707386,768,0.3305351879707423,0.12694813682664627,0.1418498217780424,0.4864776383892833,0.7721354166666666
g3_5,2,0,0,799,-3168.2547791423362,12841.149450707386,768,0.3305351879707423,0.12694813682664627,0.1418498217780424,0.4864776383892833,0.7721354166666666
g3_5,3,0,0,799,-3168.2547791423362,12841.149450707386,768,0.3305351879707423,0.12694813682664627,0.1418498217780424,0.4864776383892833,0.7721354166666666
g3_5,4,0,0,799,-3168.2547791423362,12841.149450707386,768,0.3305351879707423,0.12694813682664627,0.1418498217780424,0.4864776383892833,0.7721354166666666
g3_5,5,0,0,799,-3168.2547791423362,12841.149450707386,768,0.3305351879707423,0.12694813682664627,0.1418498217780424,0.4864776383892833,0.7721354166666666
g3_5,6,0,0,799,-3168.2547791423362,12841.149450707386,768,0.3305351879707423,0.12694813682664627,0.1418498217780424,0.4864776383892833,0.7721354166666666
g3_5,7,0,0,799,-3168.2547791423362,12841.149450707386,768,0.3305351879707423,0.12694813682664627,0.1418498217780424,0.4864776383892833,0.7721354166666666
g3_6,0,0,0,799,-3168.2547791423362,12841.149450707386,768,0.33288488184225107,0.12049083747423527,0.15186823479451783,0.42784465630202306,0.7096354166666666
g3_6,1,0,0,799,-3168.2547791423362,12841.149450707386,768,0.33288488184225107,0.12049083747423527,0.15186823479451783,0.42784465630202306,0.7096354166666666
g3_6,2,0,0,799,-3168.2547791423362,12841.149450707386,768,0.33288488184225107,0.12049083747423527,0.15186823479451783,0.42784465630202306,0.7096354166666666
g3_6,3,0,0,799,-3168.2547791423362,12841.149450707386,768,0.33288488184225107,0.12049083747423527,0.15186823479451783,0.42784465630202306,0.7096354166666666
g3_6,4,0,0,799,-3168.2547791423362,12841.149450707386,768,0.33288488184225107,0.12049083747423527,0.15186823479451783,0.42784465630202306,0.7096354166666666
g3_6,5,0,0,799,-3168.2547791423362,12841.149450707386,768,0.33288488184225107,0.12049083747423527,0.15186823479451783,0.42784465630202306,0.7096354166666666
g3_6,6,0,0,799,-3168.2547791423362,12841.149450707386,768,0.33288488184225107,0.12049083747423527,0.15186823479451783,0.42784465630202306,0.7096354166666666
g3_6,7,0,0,799,-3168.2547791423362,12841.149450707386,768,0.33288488184225107,0.12049083747423527,0.15186823479451783,0.42784465630202306,0.7096354166666666
g3_7,0,0,0,799,-3168.2547791423362,12841.149450707386,768,0.33296548043623114,0.11300223290388539,0.10362767739194706,0.4406212587108762,0.7395833333333334
g3_7,1,0,0,799,-3168.2547791423362,12841.149450707386,768,0.33296548043623114,0.11300223290388539,0.10362767739194706,0.4406212587108762,0.7395833333333334
g3_7,2,0,0,799,-3168.2547791423362,12841.149450707386,768,0.33296548043623114,0.11300223290388539,0.10362767739194706,0.4406212587108762,0.7395833333333334
g3_7,3,0,0,799,-3168.2547791423362,12841.149450707386,768,0.33296548043623114,0.11300223290388539,0.10362767739194706,0.4406212587108762,0.7395833333333334
g3_7,4,0,0,799,-3168.2547791423362,12841.149450707386,768,0.33296548043623114,0.11300223290388539,0.10362767739194706,0.4406212587108762,0.7395833333333334
g3_7,5,0,0,799,-3168.2547791423362,12841.149450707386,768,0.33296548043623114,0.11300223290388539,0.10362767739194706,0.4406212587108762,0.7395833333333334
g3_7,6,0,0,799,-3168.2547791423362,12841.149450707386,768,0.33296548043623114,0.11300223290388539,0.10362767739194706,0.4406212587108762,0.7395833333333334
g3_7,7,0,0,799,-3168.2547791423362,12841.149450707386,768,0.33296548043623114,0.11300223290388539,0.10362767739194706,0.4406212587108762,0.7395833333333334
g4_1,0,0,0,799,-3319.3902204245396,16210.522119611123,768,0.39791320517902173,0.21983729842909025,0.17023219986631838,0.767788352028186,0.7291666666666666
g4_1,1,0,0,799,-3319.3902204245396,16210.522119611123,768,0.39791320517902173,0.21983729842909025,0.17023219986631838,0.767788352028186,0.7291666666666666
g4_1,2,0,0,799,-3319.3902204245396,16210.522119611123,768,0.39791320517902173,0.21983729842909025,0.17023219986631838,0.767788352028186,0.7291666666666666
g4_1,3,0,0,799,-3319.3902204245396,16210.522119611123,768,0.39791320517902173,0.21983729842909025,0.17023219986631838,0.767788352028186,0.7291666666666666
g4_1,4,0,0,799,-3319.3902204245396,16210.522119611123,768,0.39791320517902173,0.21983729842909025,0.17023219986631838,0.767788352028186,0.7291666666666666
g4_1,5,0,0,799,-3319.3902204245396,16210.522119611123,768,0.39791320517902173,0.21983729842909025,0.17023219986631838,0.767788352028186,0.7291666666666666
g4_1,6,0,0,799,-3319.3902204245396,16210.522119611123,768,0.39791320517902173,0.21983729842909025,0.17023219986631838,0.767788352028186,0.7291666666666666
g4_1,7,0,0,799,-3319.3902204245396,16210.522119611123,768,0.39791320517902173,0.21983729842909025,0.17023219986631838,0.767788352028186,0.7291666666666666
g4_2,0,0,0,799,-3319.3902204245396,16210.522119611123,768,0.40197685226348323,0.21974319182511082,0.1645104357727606,0.7560463709310599,0.7330729166666666
g4_2,1,0,0,799,-3319.3902204245396,16210.522119611123,768,0.40197685226348323,0.21974319182511082,0.1645104357727606,0.7560463709310599,0.7330729166666666
g4_2,2,0,0,799,-3319.3902204245396,16210.522119611123,768,0.40197685226348323,0.21974319182511082,0.1645104357727606,0.7560463709310599,0.7330729166666666
g4_2,3,0,0,799,-3319.3902204245396,16210.522119611123,768,0.40197685226348323,0.21974319182511082,0.1645104357727606,0.7560463709310599,0.7330729166666666
g4_2,4,0,0,799,-3319.3902204245396,16210.522119611123,768,0.40197685226348323,0.21974319182511082,0.1645104357727606,0.7560463709310599,0.7330729166666666
g4_2,5,0,0,799,-3319.3902204245396,16210.522119611123,768,0.40197685226348323,0.21974319182511082,0.1645104357727606,0.7560463709310599,0.7330729166666666
g4_2,6,0,0,799,-3319.3902204245396,16210.522119611123,768,0.40197685226348323,0.21974319182511082,0.1645104357727606,0.7560463709310599,0.7330729166666666
g4_2,7,0,0,799,-3319.3902204245396,16210.522119611123,768,0.40197685226348323,0.21974319182511082,0.1645104357727606,0.7560463709310599,0.7330729166666666
g4_3,0,0,0,799,-2602.82351612783,12009.453538295027,768,0.4142544446111776,0.1867278735079871,0.11623042075369172,0.5634146187598528,0.7486979166666666
g4_3,1,0,0,799,-2602.82351612783,12009.453538295027,768,0.4142544446111776,0.1867278735079871,0.11623042075369172,0.5634146187598528,0.7486979166666666
g4_3,2,0,0,799,-2602.82351612783,12009.453538295027,768,0.4142544446111776,0.1867278735079871,0.11623042075369172,0.5634146187598528,0.7486979166666666
g4_3,3,0,0,799,-2602.82351612783,12009.453538295027,768,0.4142544446111776,0.1867278735079871,0.11623042075369172,0.5634146187598528,0.7486979166666666
g4_3,4,0,0,799,-2602.82351612783,12009.453538295027,768,0.4142544446111776,0.1867278735079871,0.11623042075369172,0.5634146187598528,0.7486979166666666
g4_3,5,0,0,799,-2602.82351612783,12009.453538295027,768,0.4142544446111776,0.1867278735079871,0.11623042075369172,0.5634146187598528,0.7486979166666666
g4_3,6,0,0,799,-2602.82351612783,12009.453538295027,768,0.4142544446111776,0.1867278735079871,0.11623042075369172,0.5634146187598528,0.7486979166666666
g4_3,7,0,0,799,-2602.82351612783,12009.453538295027,768,0.4142544446111776,0.1867278735079871,0.11623042075369172,0.5634146187598528,0.7486979166666666
g4_4,0,0,0,799,-2593.666393687689,11542.440293847836,768,0.3433919322381851,0.13778525232141547,0.11634502705227118,0.5082335236509544,0.765625
g4_4,1,0,0,799,-2593.666393687689,11542.440293847836,768,0.3433919322381851,0.13778525232141547,0.11634502705227118,0.5082335236509544,0.765625
g4_4,2,0,0,799,-2593.666393687689,11542.440293847836,768,0.3433919322381851,0.13778525232141547,0.11634502705227118,0.5082335236509544,0.765625
g4_4,3,0,0,799,-2593.666393687689,11542.440293847836,768,0.3433919322381851,0.13778525232141547,0.11634502705227118,0.5082335236509544,0.765625
g4_4,4,0,0,799,-2593.666393687689,11542.440293847836,768,0.3433919322381851,0.13778525232141547,0.11634502705227118,0.5082335236509544,0.765625
g4_4,5,0,0,799,-2593.666393687689,11542.440293847836,768,0.3433919322381851,0.13778525232141547,0.11634502705227118,0.5082335236509544,0.765625
g4_4,6,0,0,799,-2593.666393687689,11542.440293847836,768,0.3433919322381851,0.13778525232141547,0.11634502705227118,0.5082335236509544,0.765625
g4_4,7,0,0,799,-2593.666393687689,11542.440293847836,768,0.3433919322381851,0.13778525232141547,0.11634502705227118,0.5082335236509544,0.765625
g4_5,0,0,0,799,-3168.2547791423362,12841.149450707386,768,0.3291438625434341,0.1283564524083582,0.17259350972893395,0.4768465923074386,0.7408854166666666
g4_5,1,0,0,799,-3168.2547791423362,12841.149450707386,768,0.3291438625434341,0.1283564524083582,0.17259350972893395,0.4768465923074386,0.7408854166666666
g4_5,2,0,0,799,-3168.2547791423362,12841.149450707386,768,0.3291438625434341,0.1283564524083582,0.17259350972893395,0.4768465923074386,0.7408854166666666
g4_5,3,0,0,799,-3168.2547791423362,12841.149450707386,768,0.3291438625434341,0.1283564524083582,0.17259350972893395,0.4768465923074386,0.7408854166666666
g4_5,4,0,0,799,-3168.2547791423362,12841.149450707386,768,0.3291438625434341,0.1283564524083582,0.17259350972893395,0.4768465923074386,0.7408854166666666
g4_5,5,0,0,799,-3168.2547791423362,12841.149450707386,768,0.3291438625434341,0.1283564524083582,0.17259350972893395,0.4768465923074386,0.7408854166666666
g4_5,6,0,0,799,-3168.2547791423362,12841.149450707386,768,0.3291438625434341,0.1283564524083582,0.17259350972893395,0.4768465923074386,0.7408854166666666
g4_5,7,0,0,799,-3168.2547791423362,12841.149450707386,768,0.3291438625434341,0.1283564524083582,0.17259350972893395,0.4768465923074386,0.7408854166666666
g4_6,0,0,0,799,-3168.2547791423362,12841.149450707386,768,0.3294596387433423,0.12572587268363836,0.16599177286624578,0.4506971854036681,0.7278645833333334
g4_6,1,0,0,799,-3168.2547791423362,12841.149450707386,768,0.3294596387433423,0.12572587268363836,0.16599177286624578,0.4506971854036681,0.7278645833333334
g4_6,2,0,0,799,-3168.2547791423362,12841.149450707386,768,0.3294596387433423,0.12572587268363836,0.16599177286624578,0.4506971854036681,0.7278645833333334
g4_6,3,0,0,799,-3168.2547791423362,12841.149450707386,768,0.3294596387433423,0.12572587268363836,0.16599177286624578,0.4506971854036681,0.7278645833333334
g4_6,4,0,0,799,-3168.2547791423362,12841.149450707386,768,0.3294596387433423,0.12572587268363836,0.16599177286624578,0.4506971854036681,0.7278645833333334
g4_6,5,0,0,799,-3168.2547791423362,12841.149450707386,768,0.3294596387433423,0.12572587268363836,0.16599177286624578,0.4506971854036681,0.7278645833333334
g4_6,6,0,0,799,-3168.2547791423362,12841.149450707386,768,0.3294596387433423,0.12572587268363836,0.16599177286624578,0.4506971854036681,0.7278645833333334
g4_6,7,0,0,799,-3168.2547791423362,12841.149450707386,768,0.3294596387433423,0.12572587268363836,0.16599177286624578,0.4506971854036681,0.7278645833333334
g5_1,0,0,0,799,-8481.972683526412,24356.409606429246,768,0.4242250842463117,0.2849165975375447,0.26906899879291324,0.9177494248628262,0.7044270833333334
g5_1,1,0,0,799,-8481.972683526412,24356.409606429246,768,0.4242250842463117,0.2849165975375447,0.26906899879291324,0.9177494248628262,0.7044270833333334
g5_1,2,0,0,799,-8481.972683526412,24356.409606429246,768,0.4242250842463117,0.2849165975375447,0.26906899879291324,0.9177494248628262,0.7044270833333334
g5_1,3,0,0,799,-8481.972683526412,24356.409606429246,768,0.4242250842463117,0.2849165975375447,0.26906899879291324,0.9177494248628262,0.7044270833333334
g5_1,4,0,0,799,-8481.972683526412,24356.409606429246,768,0.4242250842463117,0.2849165975375447,0.26906899879291324,0.9177494248628262,0.7044270833333334
g5_1,5,0,0,799,-8481.972683526412,24356.409606429246,768,0.4242250842463117,0.2849165975375447,0.26906899879291324,0.9177494248628262,0.7044270833333334
g5_1,6,0,0,799,-8481.972683526412,24356.409606429246,768,0.4242250842463117,0.2849165975375447,0.26906899879291324,0.9177494248628262,0.7044270833333334
g5_1,7,0,0,799,-8481.972683526412,24356.409606429246,768,0.4242250842463117,0.2849165975375447,0.26906899879291324,0.9177494248628262,0.7044270833333334
g5_2,0,0,0,799,-8481.972683526412,24356.409606429246,768,0.4263093103017049,0.28542723052934016,0.27092999775989723,0.9177494248628262,0.7018229166666666
g5_2,1,0,0,799,-8481.972683526412,24356.409606429246,768,0.4263093103017049,0.28542723052934016,0.27092999775989723,0.9177494248628262,0.7018229166666666
g5_2,2,0,0,799,-8481.972683526412,24356.409606429246,768,0.4263093103017049,0.28542723052934016,0.27092999775989723,0.9177494248628262,0.7018229166666666
g5_2,3,0,0,799,-8481.972683526412,24356.409606429246,768,0.4263093103017049,0.28542723052934016,0.27092999775989723,0.9177494248628262,0.7018229166666666
g5_2,4,0,0,799,-8481.972683526412,24356.409606429246,768,0.4263093103017049,0.28542723052934016,0.27092999775989723,0.9177494248628262,0.7018229166666666
g5_2,5,0,0,799,-8481.972683526412,24356.409606429246,768,0.4263093103017049,0.28542723052934016,0.27092999775989723,0.9177494248628262,0.7018229166666666
g5_2,6,0,0,799,-8481.972683526412,24356.409606429246,768,0.4263093103017049,0.28542723052934016,0.27092999775989723,0.9177494248628262,0.7018229166666666
g5_2,7,0,0,799,-8481.972683526412,24356.409606429246,768,0.4263093103017049,0.28542723052934016,0.27092999775989723,0.9177494248628262,0.7018229166666666
g5_3,0,0,0,799,-2539.1019238943927,12008.204095310059,768,0.4334674826798233,0.21639582756209935,0.1324382144740759,0.7095148973416949,0.7057291666666666
g5_3,1,0,0,799,-2539.1019238943927,12008.204095310059,768,0.4334674826798233,0.21639582756209935,0.1324382144740759,0.7095148973416949,0.7057291666666666
g5_3,2,0,0,799,-2539.1019238943927,12008.204095310059,768,0.4334674826798233,0.21639582756209935,0.1324382144740759,0.7095148973416949,0.7057291666666666
g5_3,3,0,0,799,-2539.1019238943927,12008.204095310059,768,0.4334674826798233,0.21639582756209935,0.1324382144740759,0.7095148973416949,0.7057291666666666
g5_3,4,0,0,799,-2539.1019238943927,12008.204095310059,768,0.4334674826798233,0.21639582756209935,0.1324382144740759,0.7095148973416949,0.7057291666666666
g5_3,5,0,0,799,-2539.1019238943927,12008.204095310059,768,0.4334674826798233,0.21639582756209935,0.1324382144740759,0.7095148973416949,0.7057291666666666
g5_3,6,0,0,799,-2539.1019238943927,12008.204095310059,768,0.4334674826798233,0.21639582756209935,0.1324382144740759,0.7095148973416949,0.7057291666666666
g5_3,7,0,0,799,-2539.1019238943927,12008.204095310059,768,0.4334674826798233,0.21639582756209935,0.1324382144740759,0.7095148973416949,0.7057291666666666
g5_4,0,0,0,799,-2174.285305701432,15127.151715957112,768,0.31677618165214666,0.2144287597542887,0.22700627781355145,0.8300948318680021,0.8177083333333334
g5_4,1,0,0,799,-2174.285305701432,15127.151715957112,768,0.31677618165214666,0.2144287597542887,0.22700627781355145,0.8300948318680021,0.8177083333333334
g5_4,2,0,0,799,-2174.285305701432,15127.151715957112,768,0.31677618165214666,0.2144287597542887,0.22700627781355145,0.8300948318680021,0.8177083333333334
g5_4,3,0,0,799,-2174.285305701432,15127.151715957112,768,0.31677618165214666,0.2144287597542887,0.22700627781355145,0.8300948318680021,0.8177083333333334
g5_4,4,0,0,799,-2174.285305701432,15127.151715957112,768,0.31677618165214666,0.2144287597542887,0.22700627781355145,0.8300948318680021,0.8177083333333334
g5_4,5,0,0,799,-2174.285305701432,15127.151715957112,768,0.31677618165214666,0.2144287597542887,0.22700627781355145,0.8300948318680021,0.8177083333333334
g5_4,6,0,0,799,-2174.285305701432,15127.151715957112,768,0.31677618165214666,0.2144287597542887,0.22700627781355145,0.8300948318680021,0.8177083333333334
g5_4,7,0,0,799,-2174.285305701432,15127.151715957112,768,0.31677618165214666,0.2144287597542887,0.22700627781355145,0.8300948318680021,0.8177083333333334
g5_5,0,0,0,799,-3213.4778887581733,15147.528041115087,768,0.29965778132802096,0.1682199978481641,0.2248445125892356,0.600298885742773,0.79296875
g5_5,1,0,0,799,-3213.4778887581733,15147.528041115087,768,0.29965778132802096,0.1682199978481641,0.2248445125892356,0.600298885742773,0.79296875
g5_5,2,0,0,799,-3213.4778887581733,15147.528041115087,768,0.29965778132802096,0.1682199978481641,0.2248445125892356,0.600298885742773,0.79296875
g5_5,3,0,0,799,-3213.4778887581733,15147.528041115087,768,0.29965778132802096,0.1682199978481641,0.2248445125892356,0.600298885742773,0.79296875
g5_5,4,0,0,799,-3213.4778887581733,15147.528041115087,768,0.29965778132802096,0.1682199978481641,0.2248445125892356,0.600298885742773,0.79296875
g5_5,5,0,0,799,-3213.4778887581733,15147.528041115087,768,0.29965778132802096,0.1682199978481641,0.2248445125892356,0.600298885742773,0.79296875
g5_5,6,0,0,799,-3213.4778887581733,15147.528041115087,768,0.29965778132802096,0.1682199978481641,0.2248445125892356,0.600298885742773,0.79296875
g5_5,7,0,0,799,-3213.4778887581733,15147.528041115087,768,0.29965778132802096,0.1682199978481641,0.2248445125892356,0.600298885742773,0.79296875
g5_6,0,0,0,799,-3213.4778887581733,15147.528041115087,768,0.2865492291097055,0.16008857034732887,0.269170185948446,0.5472492399361762,0.7838541666666666
g5_6,1,0,0,799,-3213.4778887581733,15147.528041115087,768,0.2865492291097055,0.16008857034732887,0.269170185948446,0.5472492399361762,0.7838541666666666
g5_6,2,0,0,799,-3213.4778887581733,15147.528041115087,768,0.2865492291097055,0.16008857034732887,0.269170185948446,0.5472492399361762,0.7838541666666666
g5_6,3,0,0,799,-3213.4778887581733,15147.528041115087,768,0.2865492291097055,0.16008857034732887,0.269170185948446,0.5472492399361762,0.7838541666666666
g5_6,4,0,0,799,-3213.4778887581733,15147.528041115087,768,0.2865492291097055,0.16008857034732887,0.269170185948446,0.5472492399361762,0.7838541666666666
g5_6,5,0,0,799,-3213.4778887581733,15147.528041115087,768,0.2865492291097055,0.16008857034732887,0.269170185948446,0.5472492399361762,0.7838541666666666
g5_6,6,0,0,799,-3213.4778887581733,15147.528041115087,768,0.2865492291097055,0.16008857034732887,0.269170185948446,0.5472492399361762,0.7838541666666666
g5_6,7,0,0,799,-3213.4778887581733,15147.528041115087,768,0.2865492291097055,0.16008857034732887,0.269170185948446,0.5472492399361762,0.7838541666666666
g6_1,0,0,0,799,-8481.972683526412,24356.409606429246,768,0.4257879463172191,0.2784438139395776,0.2226356289760562,0.9177494248628262,0.7096354166666666
g6_1,1,0,0,799,-8481.972683526412,24356.409606429246,768,0.4257879463172191,0.2784438139395776,0.2226356289760562,0.9177494248628262,0.7096354166666666
g6_1,2,0,0,799,-8481.972683526412,24356.409606429246,768,0.4257879463172191,0.2784438139395776,0.2226356289760562,0.9177494248628262,0.7096354166666666
g6_1,3,0,0,799,-8481.972683526412,24356.409606429246,768,0.4257879463172191,0.2784438139395776,0.2226356289760562,0.9177494248628262,0.7096354166666666
g6_1,4,0,0,799,-8481.972683526412,24356.409606429246,768,0.4257879463172191,0.2784438139395776,0.2226356289760562,0.9177494248628262,0.7096354166666666
g6_1,5,0,0,799,-8481.972683526412,24356.409606429246,768,0.4257879463172191,0.2784438139395776,0.2226356289760562,0.9177494248628262,0.7096354166666666
g6_1,6,0,0,799,-8481.972683526412,24356.409606429246,768,0.4257879463172191,0.2784438139395776,0.2226356289760562,0.9177494248628262,0.7096354166666666
g6_1,7,0,0,799,-8481.972683526412,24356.409606429246,768,0.4257879463172191,0.2784438139395776,0.2226356289760562,0.9177494248628262,0.7096354166666666
g6_2,0,0,0,799,-8481.972683526412,24356.409606429246,768,0.42491141711411,0.2796742696036547,0.25103837818334074,0.9177494248628262,0.7174479166666666
g6_2,1,0,0,799,-8481.972683526412,24356.409606429246,768,0.42491141711411,0.2796742696036547,0.25103837818334074,0.9177494248628262,0.7174479166666666
g6_2,2,0,0,799,-8481.972683526412,24356.409606429246,768,0.42491141711411,0.2796742696036547,0.25103837818334074,0.9177494248628262,0.7174479166666666
g6_2,3,0,0,799,-8481.972683526412,24356.409606429246,768,0.42491141711411,0.2796742696036547,0.25103837818334074,0.9177494248628262,0.7174479166666666
g6_2,4,0,0,799,-8481.972683526412,24356.409606429246,768,0.42491141711411,0.2796742696036547,0.25103837818334074,0.9177494248628262,0.7174479166666666
g6_2,5,0,0,799,-8481.972683526412,24356.409606429246,768,0.42491141711411,0.2796742696036547,0.25103837818334074,0.9177494248628262,0.7174479166666666
g6_2,6,0,0,799,-8481.972683526412,24356.409606429246,768,0.42491141711411,0.2796742696036547,0.25103837818334074,0.9177494248628262,0.7174479166666666
g6_2,7,0,0,799,-8481.972683526412,24356.409606429246,768,0.42491141711411,0.2796742696036547,0.25103837818334074,0.9177494248628262,0.7174479166666666
g6_3,0,0,0,799,-2595.5884406198893,14889.01644831039,768,0.3695290141143992,0.16555395551585583,0.09755821751958965,0.581949480726907,0.765625
g6_3,1,0,0,799,-2595.5884406198893,14889.01644831039,768,0.3695290141143992,0.16555395551585583,0.09755821751958965,0.581949480726907,0.765625
g6_3,2,0,0,799,-2595.5884406198893,14889.01644831039,768,0.3695290141143992,0.16555395551585583,0.09755821751958965,0.581949480726907,0.765625
g6_3,3,0,0,799,-2595.5884406198893,14889.01644831039,768,0.3695290141143992,0.16555395551585583,0.09755821751958965,0.581949480726907,0.765625
g6_3,4,0,0,799,-2595.5884406198893,14889.01644831039,768,0.3695290141143992,0.16555395551585583,0.09755821751958965,0.581949480726907,0.765625
g6_3,5,0,0,799,-2595.5884406198893,14889.01644831039,768,0.3695290141143992,0.16555395551585583,0.09755821751958965,0.581949480726907,0.765625
g6_3,6,0,0,799,-2595.5884406198893,14889.01644831039,768,0.3695290141143992,0.16555395551585583,0.09755821751958965,0.581949480726907,0.765625
g6_3,7,0,0,799,-2595.5884406198893,14889.01644831039,768,0.3695290141143992,0.16555395551585583,0.09755821751958965,0.581949480726907,0.765625
g6_4,0,0,0,799,-2028.4114762924846,15124.29144479223,768,0.3127666719720681,0.17161575877762478,0.13857418171678354,0.6219993610811558,0.8580729166666666
g6_4,1,0,0,799,-2028.4114762924846,15124.29144479223,768,0.3127666719720681,0.17161575877762478,0.13857418171678354,0.6219993610811558,0.8580729166666666
g6_4,2,0,0,799,-2028.4114762924846,15124.29144479223,768,0.3127666719720681,0.17161575877762478,0.13857418171678354,0.6219993610811558,0.8580729166666666
g6_4,3,0,0,799,-2028.4114762924846,15124.29144479223,768,0.3127666719720681,0.17161575877762478,0.13857418171678354,0.6219993610811558,0.8580729166666666
g6_4,4,0,0,799,-2028.4114762924846,15124.29144479223,768,0.3127666719720681,0.17161575877762478,0.13857418171678354,0.6219993610811558,0.8580729166666666
g6_4,5,0,0,799,-2028.4114762924846,15124.29144479223,768,0.3127666719720681,0.17161575877762478,0.13857418171678354,0.6219993610811558,0.8580729166666666
g6_4,6,0,0,799,-2028.4114762924846,15124.29144479223,768,0.3127666719720681,0.17161575877762478,0.13857418171678354,0.6219993610811558,0.8580729166666666
g6_4,7,0,0,799,-2028.4114762924846,15124.29144479223,768,0.3127666719720681,0.17161575877762478,0.13857418171678354,0.6219993610811558,0.8580729166666666
g6_5,0,0,0,799,-2211.802578710318,15127.887348761207,768,0.30877432564805407,0.19025457021533004,0.19764485568258736,0.6775534396235058,0.8033854166666666
g6_5,1,0,0,799,-2211.802578710318,15127.887348761207,768,0.30877432564805407,0.19025457021533004,0.19764485568258736,0.6775534396235058,0.8033854166666666
g6_5,2,0,0,799,-2211.802578710318,15127.887348761207,768,0.30877432564805407,0.19025457021533004,0.19764485568258736,0.6775534396235058,0.8033854166666666
g6_5,3,0,0,799,-2211.802578710318,15127.887348761207,768,0.30877432564805407,0.19025457021533004,0.19764485568258736,0.6775534396235058,0.8033854166666666
g6_5,4,0,0,799,-2211.802578710318,15127.887348761207,768,0.30877432564805407,0.19025457021533004,0.19764485568258736,0.6775534396235058,0.8033854166666666
g6_5,5,0,0,799,-2211.802578710318,15127.887348761207,768,0.30877432564805407,0.19025457021533004,0.19764485568258736,0.6775534396235058,0.8033854166666666
g6_5,6,0,0,799,-2211.802578710318,15127.887348761207,768,0.30877432564805407,0.19025457021533004,0.19764485568258736,0.6775534396235058,0.8033854166666666
g6_5,7,0,0,799,-2211.802578710318,15127.887348761207,768,0.30877432564805407,0.19025457021533004,0.19764485568258736,0.6775534396235058,0.8033854166666666
g6_6,0,0,0,799,-2211.802578710318,15127.887348761207,768,0.3142836980304928,0.19446727645446035,0.20707890227355508,0.6783517322914753,0.7877604166666666
g6_6,1,0,0,799,-2211.802578710318,15127.887348761207,768,0.3142836980304928,0.19446727645446035,0.20707890227355508,0.6783517322914753,0.7877604166666666
g6_6,2,0,0,799,-2211.802578710318,15127.887348761207,768,0.3142836980304928,0.19446727645446035,0.20707890227355508,0.6783517322914753,0.7877604166666666
g6_6,3,0,0,799,-2211.802578710318,15127.887348761207,768,0.3142836980304928,0.19446727645446035,0.20707890227355508,0.6783517322914753,0.7877604166666666
g6_6,4,0,0,799,-2211.802578710318,15127.887348761207,768,0.3142836980304928,0.19446727645446035,0.20707890227355508,0.6783517322914753,0.7877604166666666
g6_6,5,0,0,799,-2211.802578710318,15127.887348761207,768,0.3142836980304928,0.19446727645446035,0.20707890227355508,0.6783517322914753,0.7877604166666666
g6_6,6,0,0,799,-2211.802578710318,15127.887348761207,768,0.3142836980304928,0.19446727645446035,0.20707890227355508,0.6783517322914753,0.7877604166666666
g6_6,7,0,0,799,-2211.802578710318,15127.887348761207,768,0.3142836980304928,0.19446727645446035,0.20707890227355508,0.6783517322914753,0.7877604166666666
g7_1,0,0,0,799,-8531.599349251588,26887.36955841328,768,0.39348778700874326,0.22236849300041192,0.12746326977185324,0.8541103814023133,0.7473958333333334
g7_1,1,0,0,799,-8531.599349251588,26887.36955841328,768,0.39348778700874326,0.22236849300041192,0.12746326977185324,0.8541103814023133,0.7473958333333334
g7_1,2,0,0,799,-8531.599349251588,26887.36955841328,768,0.39348778700874326,0.22236849300041192,0.12746326977185324,0.8541103814023133,0.7473958333333334
g7_1,3,0,0,799,-8531.599349251588,26887.36955841328,768,0.39348778700874326,0.22236849300041192,0.12746326977185324,0.8541103814023133,0.7473958333333334
g7_1,4,0,0,799,-8531.599349251588,26887.36955841328,768,0.39348778700874326,0.22236849300041192,0.12746326977185324,0.8541103814023133,0.7473958333333334
g7_1,5,0,0,799,-8531.599349251588,26887.36955841328,768,0.39348778700874326,0.22236849300041192,0.12746326977185324,0.8541103814023133,0.7473958333333334
g7_1,6,0,0,799,-8531.599349251588,26887.36955841328,768,0.39348778700874326,0.22236849300041192,0.12746326977185324,0.8541103814023133,0.7473958333333334
g7_1,7,0,0,799,-8531.599349251588,26887.36955841328,768,0.39348778700874326,0.22236849300041192,0.12746326977185324,0.8541103814023133,0.7473958333333334
g7_2,0,0,0,799,-8531.599349251588,26887.36955841328,768,0.3947330869627758,0.22307938094295507,0.12699438618927117,0.8541103814023133,0.7604166666666666
g7_2,1,0,0,799,-8531.599349251588,26887.36955841328,768,0.3947330869627758,0.22307938094295507,0.12699438618927117,0.8541103814023133,0.7604166666666666
g7_2,2,0,0,799,-8531.599349251588,26887.36955841328,768,0.3947330869627758,0.22307938094295507,0.12699438618927117,0.8541103814023133,0.7604166666666666
g7_2,3,0,0,799,-8531.599349251588,26887.36955841328,768,0.3947330869627758,0.22307938094295507,0.12699438618927117,0.8541103814023133,0.7604166666666666
g7_2,4,0,0,799,-8531.599349251588,26887.36955841328,768,0.3947330869627758,0.22307938094295507,0.12699438618927117,0.8541103814023133,0.7604166666666666
g7_2,5,0,0,799,-8531.599349251588,26887.36955841328,768,0.3947330869627758,0.22307938094295507,0.12699438618927117,0.8541103814023133,0.7604166666666666
g7_2,6,0,0,799,-8531.599349251588,26887.36955841328,768,0.3947330869627758,0.22307938094295507,0.12699438618927117,0.8541103814023133,0.7604166666666666
g7_2,7,0,0,799,-8531.599349251588,26887.36955841328,768,0.3947330869627758,0.22307938094295507,0.12699438618927117,0.8541103814023133,0.7604166666666666
g7_3,0,0,0,799,-2023.5783217598303,14877.800563626859,768,0.31348803951220366,0.12788755709728092,0.09225655470993255,0.3957263365038113,0.90234375
g7_3,1,0,0,799,-2023.5783217598303,14877.800563626859,768,0.31348803951220366,0.12788755709728092,0.09225655470993255,0.3957263365038113,0.90234375
g7_3,2,0,0,799,-2023.5783217598303,14877.800563626859,768,0.31348803951220366,0.12788755709728092,0.09225655470993255,0.3957263365038113,0.90234375
g7_3,3,0,0,799,-2023.5783217598303,14877.800563626859,768,0.31348803951220366,0.12788755709728092,0.09225655470993255,0.3957263365038113,0.90234375
g7_3,4,0,0,799,-2023.5783217598303,14877.800563626859,768,0.31348803951220366,0.12788755709728092,0.09225655470993255,0.3957263365038113,0.90234375
g7_3,5,0,0,799,-2023.5783217598303,14877.800563626859,768,0.31348803951220366,0.12788755709728092,0.09225655470993255,0.3957263365038113,0.90234375
g7_3,6,0,0,799,-2023.5783217598303,14877.800563626859,768,0.31348803951220366,0.12788755709728092,0.09225655470993255,0.3957263365038113,0.90234375
g7_3,7,0,0,799,-2023.5783217598303,14877.800563626859,768,0.31348803951220366,0.12788755709728092,0.09225655470993255,0.3957263365038113,0.90234375
g7_4,0,0,0,799,-2028.4114762924846,15124.29144479223,768,0.3141260224829265,0.16325382676077743,0.12715990121497497,0.5551676888835788,0.8619791666666666
g7_4,1,0,0,799,-2028.4114762924846,15124.29144479223,768,0.3141260224829265,0.16325382676077743,0.12715990121497497,0.5551676888835788,0.8619791666666666
g7_4,2,0,0,799,-2028.4114762924846,15124.29144479223,768,0.3141260224829265,0.16325382676077743,0.12715990121497497,0.5551676888835788,0.8619791666666666
g7_4,3,0,0,799,-2028.4114762924846,15124.29144479223,768,0.3141260224829265,0.16325382676077743,0.12715990121497497,0.5551676888835788,0.8619791666666666
g7_4,4,0,0,799,-2028.4114762924846,15124.29144479223,768,0.3141260224829265,0.16325382676077743,0.12715990121497497,0.5551676888835788,0.8619791666666666
g7_4,5,0,0,799,-2028.4114762924846,15124.29144479223,768,0.3141260224829265,0.16325382676077743,0.12715990121497497,0.5551676888835788,0.8619791666666666
g7_4,6,0,0,799,-2028.4114762924846,15124.29144479223,768,0.3141260224829265,0.16325382676077743,0.12715990121497497,0.5551676888835788,0.8619791666666666
g7_4,7,0,0,799,-2028.4114762924846,15124.29144479223,768,0.3141260224829265,0.16325382676077743,0.12715990121497497,0.5551676888835788,0.8619791666666666
g7_5,0,0,0,799,-2726.4694601264437,20349.975010757356,768,0.3069559051832977,0.16339944790074135,0.19591403612942077,0.5337955643740162,0.8190104166666666
g7_5,1,0,0,799,-2726.4694601264437,20349.975010757356,768,0.3069559051832977,0.16339944790074135,0.19591403612942077,0.5337955643740162,0.8190104166666666
g7_5,2,0,0,799,-2726.4694601264437,20349.975010757356,768,0.3069559051832977,0.16339944790074135,0.19591403612942077,0.5337955643740162,0.8190104166666666
g7_5,3,0,0,799,-2726.4694601264437,20349.975010757356,768,0.3069559051832977,0.16339944790074135,0.19591403612942077,0.5337955643740162,0.8190104166666666
g7_5,4,0,0,799,-2726.4694601264437,20349.975010757356,768,0.3069559051832977,0.16339944790074135,0.19591403612942077,0.5337955643740162,0.8190104166666666
g7_5,5,0,0,799,-2726.4694601264437,20349.975010757356,768,0.3069559051832977,0.16339944790074135,0.19591403612942077,0.5337955643740162,0.8190104166666666
g7_5,6,0,0,799,-2726.4694601264437,20349.975010757356,768,0.3069559051832977,0.16339944790074135,0.19591403612942077,0.5337955643740162,0.8190104166666666
g7_5,7,0,0,799,-2726.4694601264437,20349.975010757356,768,0.3069559051832977,0.16339944790074135,0.19591403612942077,0.5337955643740162,0.8190104166666666
g7_6,0,0,0,799,-2726.4694601264437,20349.975010757356,768,0.31829861581424973,0.16692450913707935,0.23191582522919862,0.5460674898997571,0.7330729166666666
g7_6,1,0,0,799,-2726.4694601264437,20349.975010757356,768,0.31829861581424973,0.16692450913707935,0.23191582522919862,0.5460674898997571,0.7330729166666666
g7_6,2,0,0,799,-2726.4694601264437,20349.975010757356,768,0.31829861581424973,0.16692450913707935,0.23191582522919862,0.5460674898997571,0.7330729166666666
g7_6,3,0,0,799,-2726.4694601264437,20349.975010757356,768,0.31829861581424973,0.16692450913707935,0.23191582522919862,0.5460674898997571,0.7330729166666666
g7_6,4,0,0,799,-2726.4694601264437,20349.975010757356,768,0.31829861581424973,0.16692450913707935,0.23191582522919862,0.5460674898997571,0.7330729166666666
g7_6,5,0,0,799,-2726.4694601264437,20349.975010757356,768,0.31829861581424973,0.16692450913707935,0.23191582522919862,0.5460674898997571,0.7330729166666666
g7_6,6,0,0,799,-2726.4694601264437,20349.975010757356,768,0.31829861581424973,0.16692450913707935,0.23191582522919862,0.5460674898997571,0.7330729166666666
g7_6,7,0,0,799,-2726.4694601264437,20349.975010757356,768,0.31829861581424973,0.16692450913707935,0.23191582522919862,0.5460674898997571,0.7330729166666666
g8_1,0,0,0,799,-6886.7224446162,26855.117070087097,768,0.304684736836386,0.11559732617252048,0.13745311841330382,0.4126547372814637,0.84765625
g8_1,1,0,0,799,-6886.7224446162,26855.117070087097,768,0.304684736836386,0.11559732617252048,0.13745311841330382,0.4126547372814637,0.84765625
g8_1,2,0,0,799,-6886.7224446162,26855.117070087097,768,0.304684736836386,0.11559732617252048,0.13745311841330382,0.4126547372814637,0.84765625
g8_1,3,0,0,799,-6886.7224446162,26855.117070087097,768,0.304684736836386,0.11559732617252048,0.13745311841330382,0.4126547372814637,0.84765625
g8_1,4,0,0,799,-6886.7224446162,26855.117070087097,768,0.304684736836386,0.11559732617252048,0.13745311841330382,0.4126547372814637,0.84765625
g8_1,5,0,0,799,-6886.7224446162,26855.117070087097,768,0.304684736836386,0.11559732617252048,0.13745311841330382,0.4126547372814637,0.84765625
g8_1,6,0,0,799,-6886.7224446162,26855.117070087097,768,0.304684736836386,0.11559732617252048,0.13745311841330382,0.4126547372814637,0.84765625
g8_1,7,0,0,799,-6886.7224446162,26855.117070087097,768,0.304684736836386,0.11559732617252048,0.13745311841330382,0.4126547372814637,0.84765625
g8_2,0,0,0,799,-6886.7224446162,26855.117070087097,768,0.3032517972034469,0.11502949229326084,0.1287336637581613,0.4126547372814637,0.8541666666666666
g8_2,1,0,0,799,-6886.7224446162,26855.117070087097,768,0.3032517972034469,0.11502949229326084,0.1287336637581613,0.4126547372814637,0.8541666666666666
g8_2,2,0,0,799,-6886.7224446162,26855.117070087097,768,0.3032517972034469,0.11502949229326084,0.1287336637581613,0.4126547372814637,0.8541666666666666
g8_2,3,0,0,799,-6886.7224446162,26855.117070087097,768,0.3032517972034469,0.11502949229326084,0.1287336637581613,0.4126547372814637,0.8541666666666666
g8_2,4,0,0,799,-6886.7224446162,26855.117070087097,768,0.3032517972034469,0.11502949229326084,0.1287336637581613,0.4126547372814637,0.8541666666666666
g8_2,5,0,0,799,-6886.7224446162,26855.117070087097,768,0.3032517972034469,0.11502949229326084,0.1287336637581613,0.4126547372814637,0.8541666666666666
g8_2,6,0,0,799,-6886.7224446162,26855.117070087097,768,0.3032517972034469,0.11502949229326084,0.1287336637581613,0.4126547372814637,0.8541666666666666
g8_2,7,0,0,799,-6886.7224446162,26855.117070087097,768,0.3032517972034469,0.11502949229326084,0.1287336637581613,0.4126547372814637,0.8541666666666666
g8_3,0,0,0,799,-2473.621509503957,14886.624939857136,768,0.2663402728957102,0.08314919093558065,0.10237361340914936,0.2777016349975498,0.9908854166666666
g8_3,1,0,0,799,-2473.621509503957,14886.624939857136,768,0.2663402728957102,0.08314919093558065,0.10237361340914936,0.2777016349975498,0.9908854166666666
g8_3,2,0,0,799,-2473.621509503957,14886.624939857136,768,0.2663402728957102,0.08314919093558065,0.10237361340914936,0.2777016349975498,0.9908854166666666
g8_3,3,0,0,799,-2473.621509503957,14886.624939857136,768,0.2663402728957102,0.08314919093558065,0.10237361340914936,0.2777016349975498,0.9908854166666666
g8_3,4,0,0,799,-2473.621509503957,14886.624939857136,768,0.2663402728957102,0.08314919093558065,0.10237361340914936,0.2777016349975498,0.9908854166666666
g8_3,5,0,0,799,-2473.621509503957,14886.624939857136,768,0.2663402728957102,0.08314919093558065,0.10237361340914936,0.2777016349975498,0.9908854166666666
g8_3,6,0,0,799,-2473.621509503957,14886.624939857136,768,0.2663402728957102,0.08314919093558065,0.10237361340914936,0.2777016349975498,0.9908854166666666
g8_3,7,0,0,799,-2473.621509503957,14886.624939857136,768,0.2663402728957102,0.08314919093558065,0.10237361340914936,0.2777016349975498,0.9908854166666666
g8_4,0,0,0,799,-2551.841235543317,18875.83096786449,768,0.27767441268748455,0.07370242695081743,0.09660949539645616,0.1944559450222909,0.9973958333333334
g8_4,1,0,0,799,-2551.841235543317,18875.83096786449,768,0.27767441268748455,0.07370242695081743,0.09660949539645616,0.1944559450222909,0.9973958333333334
g8_4,2,0,0,799,-2551.841235543317,18875.83096786449,768,0.27767441268748455,0.07370242695081743,0.09660949539645616,0.1944559450222909,0.9973958333333334
g8_4,3,0,0,799,-2551.841235543317,18875.83096786449,768,0.27767441268748455,0.07370242695081743,0.09660949539645616,0.1944559450222909,0.9973958333333334
g8_4,4,0,0,799,-2551.841235543317,18875.83096786449,768,0.27767441268748455,0.07370242695081743,0.09660949539645616,0.1944559450222909,0.9973958333333334
g8_4,5,0,0,799,-2551.841235543317,18875.83096786449,768,0.27767441268748455,0.07370242695081743,0.09660949539645616,0.1944559450222909,0.9973958333333334
g8_4,6,0,0,799,-2551.841235543317,18875.83096786449,768,0.27767441268748455,0.07370242695081743,0.09660949539645616,0.1944559450222909,0.9973958333333334
g8_4,7,0,0,799,-2551.841235543317,18875.83096786449,768,0.27767441268748455,0.07370242695081743,0.09660949539645616,0.1944559450222909,0.9973958333333334
g8_5,0,0,0,799,-2726.4694601264437,20349.975010757356,768,0.3066210754867179,0.1111213860135074,0.12277798746357921,0.27116932766040547,0.91015625
g8_5,1,0,0,799,-2726.4694601264437,20349.975010757356,768,0.3066210754867179,0.1111213860135074,0.12277798746357921,0.27116932766040547,0.91015625
g8_5,2,0,0,799,-2726.4694601264437,20349.975010757356,768,0.3066210754867179,0.1111213860135074,0.12277798746357921,0.27116932766040547,0.91015625
g8_5,3,0,0,799,-2726.4694601264437,20349.975010757356,768,0.3066210754867179,0.1111213860135074,0.12277798746357921,0.27116932766040547,0.91015625
g8_5,4,0,0,799,-2726.4694601264437,20349.975010757356,768,0.3066210754867179,0.1111213860135074,0.12277798746357921,0.27116932766040547,0.91015625
g8_5,5,0,0,799,-2726.4694601264437,20349.975010757356,768,0.3066210754867179,0.1111213860135074,0.12277798746357921,0.27116932766040547,0.91015625
g8_5,6,0,0,799,-2726.4694601264437,20349.975010757356,768,0.3066210754867179,0.1111213860135074,0.12277798746357921,0.27116932766040547,0.91015625
g8_5,7,0,0,799,-2726.4694601264437,20349.975010757356,768,0.3066210754867179,0.1111213860135074,0.12277798746357921,0.27116932766040547,0.91015625
g8_6,0,0,0,799,-2726.4694601264437,20349.975010757356,768,0.3325984331576319,0.12048276727119175,0.1587172968732954,0.3035402616814231,0.7799479166666666
g8_6,1,0,0,799,-2726.4694601264437,20349.975010757356,768,0.3325984331576319,0.12048276727119175,0.1587172968732954,0.3035402616814231,0.7799479166666666
g8_6,2,0,0,799,-2726.4694601264437,20349.975010757356,768,0.3325984331576319,0.12048276727119175,0.1587172968732954,0.3035402616814231,0.7799479166666666
g8_6,3,0,0,799,-2726.4694601264437,20349.975010757356,768,0.3325984331576319,0.12048276727119175,0.1587172968732954,0.3035402616814231,0.7799479166666666
g8_6,4,0,0,799,-2726.4694601264437,20349.975010757356,768,0.3325984331576319,0.12048276727119175,0.1587172968732954,0.3035402616814231,0.7799479166666666
g8_6,5,0,0,799,-2726.4694601264437,20349.975010757356,768,0.3325984331576319,0.12048276727119175,0.1587172968732954,0.3035402616814231,0.7799479166666666
g8_6,6,0,0,799,-2726.4694601264437,20349.975010757356,768,0.3325984331576319,0.12048276727119175,0.1587172968732954,0.3035402616814231,0.7799479166666666
g8_6,7,0,0,799,-2726.4694601264437,20349.975010757356,768,0.3325984331576319,0.12048276727119175,0.1587172968732954,0.3035402616814231,0.7799479166666666
g9_1,0,0,0,799,-6886.7224446162,26855.117070087097,768,0.3042272796327399,0.11440657840014792,0.13375012766183877,0.4126547372814637,0.85546875
g9_1,1,0,0,799,-6886.7224446162,26855.117070087097,768,0.3042272796327399,0.11440657840014792,0.13375012766183877,0.4126547372814637,0.85546875
g9_1,2,0,0,799,-6886.7224446162,26855.117070087097,768,0.3042272796327399,0.11440657840014792,0.13375012766183877,0.4126547372814637,0.85546875
g9_1,3,0,0,799,-6886.7224446162,26855.117070087097,768,0.3042272796327399,0.11440657840014792,0.13375012766183877,0.4126547372814637,0.85546875
g9_1,4,0,0,799,-6886.7224446162,26855.117070087097,768,0.3042272796327399,0.11440657840014792,0.13375012766183877,0.4126547372814637,0.85546875
g9_1,5,0,0,799,-6886.7224446162,26855.117070087097,768,0.3042272796327399,0.11440657840014792,0.13375012766183877,0.4126547372814637,0.85546875
g9_1,6,0,0,799,-6886.7224446162,26855.117070087097,768,0.3042272796327399,0.11440657840014792,0.13375012766183877,0.4126547372814637,0.85546875
g9_1,7,0,0,799,-6886.7224446162,26855.117070087097,768,0.3042272796327399,0.11440657840014792,0.13375012766183877,0.4126547372814637,0.85546875
g9_2,0,0,0,799,-6886.7224446162,26855.117070087097,768,0.3040379386768686,0.11438540633506296,0.1351549437174406,0.4126547372814637,0.8567708333333334
g9_2,1,0,0,799,-6886.7224446162,26855.117070087097,768,0.3040379386768686,0.11438540633506296,0.1351549437174406,0.4126547372814637,0.8567708333333334
g9_2,2,0,0,799,-6886.7224446162,26855.117070087097,768,0.3040379386768686,0.11438540633506296,0.1351549437174406,0.4126547372814637,0.8567708333333334
g9_2,3,0,0,799,-6886.7224446162,26855.117070087097,768,0.3040379386768686,0.11438540633506296,0.1351549437174406,0.4126547372814637,0.8567708333333334
g9_2,4,0,0,799,-6886.7224446162,26855.117070087097,768,0.3040379386768686,0.11438540633506296,0.1351549437174406,0.4126547372814637,0.8567708333333334
g9_2,5,0,0,799,-6886.7224446162,26855.117070087097,768,0.3040379386768686,0.11438540633506296,0.1351549437174406,0.4126547372814637,0.8567708333333334
g9_2,6,0,0,799,-6886.7224446162,26855.117070087097,768,0.3040379386768686,0.11438540633506296,0.1351549437174406,0.4126547372814637,0.8567708333333334
g9_2,7,0,0,799,-6886.7224446162,26855.117070087097,768,0.3040379386768686,0.11438540633506296,0.1351549437174406,0.4126547372814637,0.8567708333333334
g9_3,0,0,0,799,-2365.4433381275926,9369.538199662536,768,0.2505522296691513,0.09384645310180924,0.07630870469347656,0.28132368562802557,0.9973958333333334
g9_3,1,0,0,799,-2365.4433381275926,9369.538199662536,768,0.2505522296691513,0.09384645310180924,0.07630870469347656,0.28132368562802557,0.9973958333333334
g9_3,2,0,0,799,-2365.4433381275926,9369.538199662536,768,0.2505522296691513,0.09384645310180924,0.07630870469347656,0.28132368562802557,0.9973958333333334
g9_3,3,0,0,799,-2365.4433381275926,9369.538199662536,768,0.2505522296691513,0.09384645310180924,0.07630870469347656,0.28132368562802557,0.9973958333333334
g9_3,4,0,0,799,-2365.4433381275926,9369.538199662536,768,0.2505522296691513,0.09384645310180924,0.07630870469347656,0.28132368562802557,0.9973958333333334
g9_3,5,0,0,799,-2365.4433381275926,9369.538199662536,768,0.2505522296691513,0.09384645310180924,0.07630870469347656,0.28132368562802557,0.9973958333333334
g9_3,6,0,0,799,-2365.4433381275926,9369.538199662536,768,0.2505522296691513,0.09384645310180924,0.07630870469347656,0.28132368562802557,0.9973958333333334
g9_3,7,0,0,799,-2365.4433381275926,9369.538199662536,768,0.2505522296691513,0.09384645310180924,0.07630870469347656,0.28132368562802557,0.9973958333333334
g9_4,0,0,0,799,-2551.841235543317,18875.83096786449,768,0.2815720089162215,0.0725735303963456,0.08251388270267784,0.1947582368285345,0.9921875
g9_4,1,0,0,799,-2551.841235543317,18875.83096786449,768,0.2815720089162215,0.0725735303963456,0.08251388270267784,0.1947582368285345,0.9921875
g9_4,2,0,0,799,-2551.841235543317,18875.83096786449,768,0.2815720089162215,0.0725735303963456,0.08251388270267784,0.1947582368285345,0.9921875
g9_4,3,0,0,799,-2551.841235543317,18875.83096786449,768,0.2815720089162215,0.0725735303963456,0.08251388270267784,0.1947582368285345,0.9921875
g9_4,4,0,0,799,-2551.841235543317,18875.83096786449,768,0.2815720089162215,0.0725735303963456,0.08251388270267784,0.1947582368285345,0.9921875
g9_4,5,0,0,799,-2551.841235543317,18875.83096786449,768,0.2815720089162215,0.0725735303963456,0.08251388270267784,0.1947582368285345,0.9921875
g9_4,6,0,0,799,-2551.841235543317,18875.83096786449,768,0.2815720089162215,0.0725735303963456,0.08251388270267784,0.1947582368285345,0.9921875
g9_4,7,0,0,799,-2551.841235543317,18875.83096786449,768,0.2815720089162215,0.0725735303963456,0.08251388270267784,0.1947582368285345,0.9921875
g9_5,0,0,0,799,-2726.4694601264437,20349.975010757356,768,0.29245553608279834,0.10570265449188004,0.10327398486827247,0.2160312864066812,0.9544270833333334
g9_5,1,0,0,799,-2726.4694601264437,20349.975010757356,768,0.29245553608279834,0.10570265449188004,0.10327398486827247,0.2160312864066812,0.9544270833333334
g9_5,2,0,0,799,-2726.4694601264437,20349.975010757356,768,0.29245553608279834,0.10570265449188004,0.10327398486827247,0.2160312864066812,0.9544270833333334
g9_5,3,0,0,799,-2726.4694601264437,20349.975010757356,768,0.29245553608279834,0.10570265449188004,0.10327398486827247,0.2160312864066812,0.9544270833333334
g9_5,4,0,0,799,-2726.4694601264437,20349.975010757356,768,0.29245553608279834,0.10570265449188004,0.10327398486827247,0.2160312864066812,0.9544270833333334
g9_5,5,0,0,799,-2726.4694601264437,20349.975010757356,768,0.29245553608279834,0.10570265449188004,0.10327398486827247,0.2160312864066812,0.9544270833333334
g9_5,6,0,0,799,-2726.4694601264437,20349.975010757356,768,0.29245553608279834,0.10570265449188004,0.10327398486827247,0.2160312864066812,0.9544270833333334
g9_5,7,0,0,799,-2726.4694601264437,20349.975010757356,768,0.29245553608279834,0.10570265449188004,0.10327398486827247,0.2160312864066812,0.9544270833333334
g9_6,0,0,0,799,-2726.4694601264437,20349.975010757356,768,0.303012973276329,0.10725499518349807,0.10731611753413167,0.27886442460990146,0.9296875
g9_6,1,0,0,799,-2726.4694601264437,20349.975010757356,768,0.303012973276329,0.10725499518349807,0.10731611753413167,0.27886442460990146,0.9296875
g9_6,2,0,0,799,-2726.4694601264437,20349.975010757356,768,0.303012973276329,0.10725499518349807,0.10731611753413167,0.27886442460990146,0.9296875
g9_6,3,0,0,799,-2726.4694601264437,20349.975010757356,768,0.303012973276329,0.10725499518349807,0.10731611753413167,0.27886442460990146,0.9296875
g9_6,4,0,0,799,-2726.4694601264437,20349.975010757356,768,0.303012973276329,0.10725499518349807,0.10731611753413167,0.27886442460990146,0.9296875
g9_6,5,0,0,799,-2726.4694601264437,20349.975010757356,768,0.303012973276329,0.10725499518349807,0.10731611753413167,0.27886442460990146,0.9296875
g9_6,6,0,0,799,-2726.4694601264437,20349.975010757356,768,0.303012973276329,0.10725499518349807,0.10731611753413167,0.27886442460990146,0.9296875
g9_6,7,0,0,799,-2726.4694601264437,20349.975010757356,768,0.303012973276329,0.10725499518349807,0.10731611753413167,0.27886442460990146,0.9296875
